node,community,weighted_degree,betweenness
user_11489,0,127.0,0.0009951738567612835
user_1596,1,36144.0,0.3116906685112121
user_22984,0,279.0,0.0041886106415425775
user_30648,2,213.0,0.0008148954828626839
user_31241,3,584.0,0.010300177711842896
user_13879,1,52.0,0.0001492055577985188
user_25507,4,50.0,0.00019111046717410315
user_33592,1,37.0,7.965221644354674e-05
user_3593,0,173.0,0.0014166555520500508
user_4868,1,29.0,0.00012670901368643734
user_6494,2,296.0,0.0021876351298230215
user_9390,1,9.0,0.0
user_11414,2,17.0,4.0067116288218774e-05
user_19269,5,5517.0,0.22620241278386796
user_25600,2,4709.0,0.16095882945735898
user_27965,2,713.0,0.010675428931815022
user_26596,1,43.0,0.00015571621983661186
user_4139,2,35.0,0.00093531394782689
user_5870,6,81.0,0.0007189444407839411
user_14994,3,44.0,0.0005058534053281488
user_19142,7,2578.0,0.08548849432348202
user_26825,2,118.0,0.002134809902715336
user_15933,1,23.0,0.00021272771051996818
user_4136,1,26.0,4.87765233546137e-05
user_16966,3,121.0,0.0013206964593163895
user_23981,7,28.0,0.00019555974918510137
user_28381,1,4.0,0.0
user_31165,1,9.0,0.0
user_33503,1,22.0,6.526270600872083e-05
user_6229,1,11.0,6.59923511034615e-06
user_14534,2,31.0,0.00013119512092179297
user_15334,2,344.0,0.003898396587788562
user_23041,1,25.0,5.567893995799577e-06
user_29995,5,37.0,2.250925901348192e-05
user_6986,2,40.0,5.148040542919469e-05
user_19951,3,39.0,9.211219551366798e-07
user_5696,0,52.0,0.0002335844255630488
user_10831,3,43.0,3.59305554971064e-05
user_16960,1,5.0,0.0
user_17784,1,7.0,0.0
user_21024,1,2.0,0.0
user_22890,4,22.0,4.765837333426328e-05
user_28635,7,49.0,0.0004325523671379308
user_6479,3,100.0,0.00030191390078728255
user_6755,1,80.0,0.00021330657938310315
user_12991,7,184.0,0.00405317108168926
user_23587,1,182.0,0.0013489048268849383
user_21933,1,10.0,1.9835071832545872e-06
user_23591,4,162.0,0.0007605134216523141
user_25397,1,45.0,1.2127870894327388e-05
user_2960,1,9.0,0.0
user_31183,1,22.0,7.1868170321568175e-06
user_32094,4,19.0,2.898829508028217e-05
user_34274,1,7.0,0.0
user_511,1,5.0,0.0
user_1085,0,41.0,0.00018270477483294239
user_560,0,43.0,7.816649550371814e-05
user_1243,3,51.0,6.03012542863887e-05
user_19945,1,7.0,0.0
user_29612,1,7.0,0.0
user_33953,1,49.0,0.0001165148862736185
user_3649,1,15.0,0.00012467126275608946
user_16242,1,20.0,3.95301702387113e-05
user_18460,1,4.0,0.0
user_22216,3,2168.0,0.048828555839997796
user_23879,5,29.0,0.0001527828066747629
user_2757,4,295.0,0.003371991300812338
user_30246,0,88.0,0.00043461547195086154
user_4607,4,90.0,0.0006875192966539287
user_8832,1,12.0,0.0
user_10720,0,15.0,3.090601572144607e-05
user_4602,0,920.0,0.017053843043215285
user_15222,4,207.0,0.0008225983830526628
user_15230,4,869.0,0.017810285199811794
user_23999,4,226.0,0.0014198656293617307
user_30208,6,1393.0,0.04592705800958496
user_30759,0,371.0,0.00569905346221348
user_16246,6,512.0,0.004935255266905879
user_21045,3,76.0,0.00024802610873078955
user_21732,3,10.0,6.0628585534450586e-05
user_17337,1,4.0,0.0
user_2111,1,12.0,0.00011948979733237342
user_22810,1,17.0,0.00028651725098032747
user_4221,1,11.0,1.5379034195204173e-05
user_9460,1,7.0,0.0
user_12934,2,20.0,1.8042270803973277e-06
user_13278,1,2.0,0.0
user_17142,4,361.0,0.004825524645724957
user_19144,1,141.0,0.0012315335762820095
user_21208,1,30.0,0.0003315171648657576
user_25505,5,44.0,2.3112772041760046e-05
user_849,0,25.0,7.806703687778212e-05
user_12574,5,5.0,0.0
user_17704,5,70.0,0.0002637386973765116
user_24318,1,9.0,2.3235247402344197e-05
user_24381,5,212.0,0.002900447672014772
user_28395,6,84.0,0.0006783951860089275
user_28500,1,10.0,1.5294259962469377e-05
user_3612,1,10.0,0.0
user_10585,6,25.0,0.0001484965949365767
user_3321,5,14.0,0.0
user_10837,4,497.0,0.008321929775121228
user_11279,3,260.0,0.0021937271748342048
user_5126,5,8.0,0.0001588371713896508
user_6982,0,1476.0,0.04673321554976008
user_13889,1,16.0,2.8536681368958162e-05
user_19605,1,7.0,0.0
user_30304,1,13.0,9.429016246238333e-05
user_30518,3,58.0,1.8845347156810734e-05
user_9312,3,22.0,2.2742637788446103e-05
user_14749,1,10.0,8.348734549494237e-05
user_16050,1,8.0,0.0
user_17920,5,18.0,9.086599591158073e-06
user_19648,0,73.0,0.0001848882582519747
user_3786,0,272.0,0.0038775630688515673
user_6634,1,11.0,8.348734549494237e-05
user_15122,4,21.0,8.909306920213439e-06
user_18293,4,181.0,0.0008225991945965592
user_3033,0,78.0,0.0007778542240288764
user_4130,2,93.0,0.0008818907270764699
user_11864,1,10.0,0.0001445255840600551
user_15674,6,21.0,7.490088265661417e-05
user_2794,2,193.0,0.0012173027186913044
user_18774,5,719.0,0.009887563538364346
user_31304,5,191.0,0.00407347440421443
user_2044,3,37.0,0.0016892220726892283
user_23264,1,6.0,0.0
user_25268,1,22.0,6.822566517465446e-05
user_26043,2,40.0,5.8749262584123413e-05
user_30621,1,23.0,5.451381591296019e-05
user_31145,1,8.0,0.0
user_31934,1,13.0,7.562347469965331e-06
user_3399,5,9.0,2.8989231328048588e-05
user_10265,7,23.0,4.468434853162922e-06
user_19129,4,1497.0,0.030552015750460865
user_12496,1,6.0,5.8759602773093426e-05
user_31374,4,159.0,0.0025324334106242904
user_15264,2,147.0,0.0009025937154861101
user_16080,4,17.0,3.1649141494351525e-06
user_24211,7,18.0,3.95499654441255e-05
user_2551,3,17.0,0.00014568943969961543
user_31669,1,11.0,4.673519152015709e-05
user_4182,3,41.0,0.0032178801755970397
user_4584,3,157.0,0.0014692888829064192
user_13970,1,17.0,0.00025758590515094953
user_25412,1,27.0,2.2946927467612307e-05
user_14431,7,6.0,0.0
user_14952,1,10.0,1.0474952525001506e-05
user_29149,7,18.0,7.472492273975708e-05
user_31348,3,18.0,9.991632731475315e-05
user_5815,1,18.0,8.145222997258526e-06
user_10823,1,10.0,0.0
user_11224,1,4.0,0.0
user_11250,1,14.0,4.690740134400366e-06
user_1903,4,27.0,8.536236076102897e-05
user_21458,3,134.0,0.001181766167971384
user_26831,0,75.0,0.0006284573090108486
user_28403,1,8.0,0.0
user_29315,4,90.0,0.0016075706276385878
user_4980,1,24.0,0.0003462273810219576
user_10963,0,38.0,7.467896062298931e-05
user_2517,5,678.0,0.012443051899874085
user_11412,1,14.0,1.9934446001038546e-05
user_13314,0,28.0,9.849463409470936e-06
user_26151,0,125.0,0.0011845648776270343
user_33202,5,511.0,0.00799319691806425
user_13770,0,26.0,1.3559596802302566e-05
user_18213,0,88.0,0.0006054993550534039
user_19190,5,172.0,0.00036584779179145915
user_20096,0,27.0,0.0004549612737000747
user_23690,5,189.0,0.002801905703168543
user_2614,5,31.0,7.32402881019597e-05
user_2763,5,12.0,7.912741223317641e-06
user_28963,5,28.0,0.00029469573060399845
user_5343,0,83.0,0.0007308317463903005
user_5429,3,57.0,0.00013858578371377366
user_6359,2,103.0,0.0001192412059264634
user_11638,0,21.0,0.0005337150493945348
user_3082,0,346.0,0.004406021779749106
user_13801,3,38.0,0.0005371529181507276
user_20512,1,8.0,0.0
user_21585,3,533.0,0.005138382415512391
user_27781,1,15.0,8.087668240903137e-05
user_13287,1,50.0,0.0005700646426368976
user_6689,3,344.0,0.004258350532873796
user_15613,3,136.0,0.0005581740069231701
user_20047,4,500.0,0.009466571782764463
user_18040,1,27.0,4.6907043148430165e-05
user_20696,1,17.0,1.5829796359929467e-06
user_22562,6,12.0,1.0907679541743623e-05
user_34250,6,103.0,0.0005326570722656424
user_5179,6,16.0,0.00030795888001905036
user_4089,4,195.0,0.0008390804542221419
user_2134,2,222.0,0.0033027366376686767
user_33389,3,64.0,0.00047619644865370275
user_28662,6,23.0,7.022728231071657e-05
user_14570,3,252.0,0.0032110088908905514
user_17814,1,10.0,6.0068331296109674e-06
user_32179,3,396.0,0.0029542348560501835
user_731,5,32.0,6.721026759974755e-05
user_18465,1,12.0,0.0
user_23484,4,98.0,0.0003934593339361473
user_24686,1,16.0,2.0357650863342143e-05
user_3634,3,21.0,0.00015955972987426382
user_4561,1,9.0,0.0
user_24708,1,14.0,2.578617199497801e-05
user_27620,1,8.0,0.0
user_3035,1,8.0,0.0
user_30980,0,62.0,0.0039442451556382175
user_3120,5,183.0,0.0016014527268721837
user_3781,1,11.0,0.0
user_4636,4,18.0,2.957341827493599e-06
user_522,1,5.0,0.0
user_7384,4,47.0,0.00027221250452396387
user_15241,1,19.0,3.321709085703733e-05
user_15475,1,20.0,5.117809885032579e-06
user_19923,0,41.0,0.0003253321750182002
user_21816,6,19.0,5.335329968931975e-05
user_4187,5,149.0,0.0012090506153431128
user_4209,5,94.0,0.00277334512618305
user_7128,1,43.0,0.0009985776662971902
user_12213,1,16.0,4.367656718553404e-05
user_29566,6,42.0,0.0003876069921132449
user_19520,6,69.0,0.00023919811602704594
user_19259,4,50.0,3.094959824529617e-05
user_22632,1,15.0,2.050586979075556e-05
user_30622,3,24.0,1.6474570483524656e-05
user_7697,1,10.0,0.0
user_1056,1,13.0,8.408042920911757e-05
user_13002,2,200.0,0.0007123370327295561
user_19340,2,175.0,0.0006893693970503765
user_33608,4,600.0,0.009462591437758117
user_16241,2,16.0,0.00023734523777113335
user_23617,6,61.0,0.00017100946809492837
user_31668,3,12.0,0.00014007009682114114
user_8957,5,8.0,0.0
user_11866,1,35.0,0.000781681462599492
user_3145,1,12.0,1.1630318742592711e-05
user_15221,3,11.0,7.880378387410523e-05
user_1804,3,453.0,0.007912539336235857
user_16235,0,242.0,0.002448320645030173
user_21349,1,12.0,0.0
user_24001,1,5.0,0.0
user_25532,1,22.0,0.0005405789604749092
user_2752,3,507.0,0.006731332170055933
user_31269,6,21.0,1.0275217819741467e-05
user_31289,3,12.0,2.9287630810468577e-05
user_6112,3,25.0,2.2620339301568484e-05
user_19953,4,369.0,0.007574447345104904
user_25288,1,6.0,0.0
user_2726,1,76.0,8.648835273770493e-05
user_30540,1,16.0,5.8910929480967694e-05
user_32268,1,9.0,0.0
user_12568,1,7.0,0.0
user_19417,4,17.0,0.0001880097855964526
user_19609,5,77.0,0.0003555706136433979
user_23691,1,10.0,0.0
user_2891,2,200.0,0.001708952883471925
user_33947,6,123.0,0.00033493201377100097
user_3396,1,32.0,0.00010956206657607875
user_12005,1,2.0,0.0
user_19586,1,13.0,2.6125759901721913e-06
user_19596,1,10.0,0.0
user_22965,1,12.0,1.2832272975880794e-06
user_30929,1,14.0,3.10840957665869e-05
user_33541,1,4.0,0.0
user_5828,5,139.0,0.0014444260251092024
user_1485,1,17.0,5.477901646792921e-05
user_17846,4,129.0,0.0006239857908767851
user_1830,1,13.0,2.4608817500094153e-06
user_20314,4,16.0,3.1408560255516006e-05
user_27837,1,5.0,0.0
user_5091,2,43.0,2.9452290896688362e-05
user_6796,4,179.0,0.0011218451849191729
user_1654,4,53.0,0.0005900551561193483
user_1821,4,44.0,0.00020156690277571142
user_27578,1,8.0,0.0
user_4979,4,45.0,1.2933264729691329e-05
user_12946,1,15.0,4.918130258526601e-05
user_13552,0,604.0,0.008623514996203232
user_5401,5,19.0,4.419039294319779e-06
user_21245,1,10.0,0.0
user_24488,1,21.0,0.00021348905649377721
user_10406,5,16.0,0.0
user_19187,5,49.0,0.0016872062957748878
user_12625,6,20.0,1.5277171574344319e-06
user_32948,4,112.0,0.0009806918253290884
user_12925,1,3.0,0.0
user_15704,1,26.0,2.8571039331698117e-05
user_15937,4,16.0,4.2698217518762005e-05
user_17724,1,43.0,0.00013584303856062468
user_19776,0,1155.0,0.016949535413879002
user_26691,1,119.0,0.0009396687191065543
user_26728,1,21.0,0.0001340184286867587
user_33970,5,115.0,0.0015845604983794838
user_4912,0,17.0,0.00011160488269841085
user_5268,1,8.0,0.0
user_6536,1,13.0,0.0
user_10405,0,9.0,3.9158143711263446e-07
user_19518,4,779.0,0.011429949030986602
user_12228,3,90.0,0.000528340865427979
user_26997,3,29.0,1.438774563614145e-05
user_13609,1,21.0,4.1675226322848846e-05
user_32799,1,19.0,0.00019180528625329003
user_23256,5,66.0,0.0002554593918115193
user_25034,1,12.0,0.0
user_5552,1,8.0,0.0
user_7192,0,33.0,7.750022977982162e-05
user_9414,1,21.0,3.522798423382302e-05
user_14001,1,15.0,1.6091260364708826e-05
user_17443,4,103.0,0.0021774220346598276
user_4934,1,41.0,0.0006508768586406187
user_16233,1,11.0,2.0644621216307864e-05
user_17778,4,8.0,0.0
user_19886,1,6.0,0.0
user_21814,1,11.0,0.0
user_28997,7,8.0,0.00019477802178973457
user_33524,7,9.0,0.0
user_16498,0,24.0,0.00011978340260648872
user_17845,0,111.0,0.0009999659239210003
user_19012,4,803.0,0.016250507940467195
user_19373,1,21.0,4.402485129722031e-05
user_2537,1,63.0,0.0006191158258549398
user_27250,0,19.0,1.8789925114786486e-05
user_34282,1,11.0,1.2545352342991468e-06
user_8677,1,6.0,0.0
user_12546,2,59.0,0.00011885501299283395
user_13967,0,219.0,0.0012411898849374375
user_15827,3,59.0,0.0001792467641681052
user_17630,5,245.0,0.0035816727487753804
user_18823,4,125.0,0.002205602479503486
user_24634,1,5.0,0.0
user_3547,1,22.0,0.00031885977244515683
user_7643,1,7.0,0.0
user_17558,2,38.0,0.0002727587700640968
user_18472,1,84.0,0.0006050318296518256
user_24216,1,37.0,0.0005627841192515298
user_26800,7,30.0,0.00025503542021232563
user_30590,3,75.0,0.0005971634115104039
user_31056,1,5.0,0.0
user_34203,1,16.0,4.976891235589415e-06
user_3538,0,179.0,0.001353421943957499
user_10852,4,92.0,0.00017789003038992391
user_2137,4,270.0,0.0025301232526428446
user_11547,6,28.0,1.331572332669792e-06
user_19584,2,33.0,0.000472971705267001
user_24388,1,78.0,0.0010828147245587033
user_31169,1,12.0,0.0
user_33386,3,121.0,0.0005916804802780527
user_5078,1,11.0,0.0
user_5203,1,3.0,0.0
user_5661,6,311.0,0.0066157308351999355
user_10916,1,7.0,7.869589657110737e-06
user_27887,1,63.0,0.000661415664405647
user_12819,4,15.0,2.3222567892474855e-05
user_23266,1,10.0,1.6502996147404e-07
user_27732,1,3.0,0.0
user_32517,3,128.0,0.0006150527376849219
user_32542,1,13.0,1.392819037603428e-05
user_7563,4,121.0,0.00035166460784617694
user_17061,3,82.0,0.0007695688345712307
user_17210,7,179.0,0.002514214146487572
user_21862,2,41.0,0.00010442531527806916
user_3499,5,22.0,3.70910535597845e-07
user_8700,1,11.0,0.0
user_10994,1,31.0,0.0005149843387698648
user_6963,2,242.0,0.0024250473542122763
user_14279,3,452.0,0.0076665405248613535
user_14294,1,12.0,2.3895247995609854e-05
user_10697,5,33.0,2.8972570886282027e-05
user_17264,5,34.0,3.514692161867945e-05
user_1320,1,38.0,0.0001663692493688149
user_15156,4,79.0,0.000451204160548301
user_1698,1,10.0,3.312701913039181e-05
user_19193,4,72.0,0.0006072373812195132
user_21466,5,79.0,0.0004234606594403656
user_22609,1,45.0,0.00012412600229339799
user_31174,2,59.0,0.0002377600211056222
user_4633,1,10.0,0.0
user_1234,1,22.0,0.00016893042593524885
user_14478,4,90.0,0.00022712039941560208
user_19337,1,8.0,0.0
user_19517,6,63.0,0.000653950191805516
user_22007,0,23.0,0.00012948973875582867
user_26589,3,5.0,0.0020156906309327593
user_26902,4,43.0,0.00014098903452357348
user_27447,1,8.0,0.0
user_27901,1,6.0,2.0985572418961965e-05
user_3289,1,17.0,0.0001568296051358957
user_9722,1,34.0,3.813014035313081e-05
user_11865,1,7.0,0.0
user_1428,4,12.0,2.5597234086867565e-05
user_20472,1,18.0,0.0007252111379350214
user_2405,7,20.0,7.927689424848916e-05
user_24316,2,36.0,1.5794658183331477e-05
user_5229,1,4.0,0.0
user_7058,1,12.0,4.511948202834632e-07
user_11248,4,143.0,0.0008000128138684127
user_32653,0,73.0,0.0008297178868638933
user_14389,5,31.0,0.0001246190702390943
user_19330,1,76.0,0.002911830167079912
user_7566,3,45.0,0.00017168799353363477
user_25813,0,49.0,0.00034808169239176174
user_30903,4,73.0,0.0004391950022126778
user_16786,7,93.0,0.0003656521429242799
user_19206,1,10.0,0.0
user_30199,0,26.0,0.00029954855824614
user_31256,0,19.0,2.999064703754516e-05
user_4400,1,12.0,0.00010121781712650373
user_9050,4,19.0,0.0
user_10276,1,6.0,0.0
user_15612,5,179.0,0.0015422859710619253
user_23413,2,77.0,0.0006580083850324245
user_24414,5,103.0,0.002647522924906576
user_25405,5,51.0,0.00030566935412851585
user_16976,1,7.0,0.0
user_25220,1,10.0,5.2139936618580366e-05
user_26562,1,3.0,0.0
user_4285,1,12.0,5.63993525354329e-07
user_5402,1,33.0,0.00025018823597636484
user_5411,1,3.0,0.0
user_28799,1,60.0,7.51773034249145e-05
user_71,2,36.0,3.805589490800366e-06
user_17794,1,15.0,5.60904305084888e-07
user_27926,3,45.0,0.0002163869021184183
user_30237,1,15.0,1.0163697202875955e-05
user_33934,1,8.0,0.0
user_15493,1,10.0,6.007624229062384e-06
user_15702,1,14.0,0.0
user_9757,0,160.0,0.0030099170197074596
user_32155,1,9.0,8.301738209352473e-06
user_13502,1,9.0,0.0
user_15536,4,92.0,0.0007453761124369495
user_18327,1,25.0,0.00024788571205932084
user_21518,3,9.0,2.7836611652839565e-05
user_33505,1,27.0,4.566795614009149e-05
user_12688,1,2.0,0.0
user_18451,1,9.0,0.0
user_2038,1,16.0,0.00011491481352305268
user_2320,5,40.0,0.0006253405147064047
user_2736,1,6.0,0.0
user_31041,1,4.0,0.0
user_33302,5,226.0,0.0012359552387935181
user_12380,5,177.0,0.004149267283917896
user_25593,2,11.0,1.4096937143592568e-05
user_4792,1,10.0,0.0
user_1356,2,290.0,0.002724122193346578
user_21623,2,405.0,0.015457123039681716
user_16980,5,13.0,3.9728084415130095e-05
user_20529,3,7.0,7.655559885408844e-05
user_24068,3,6.0,3.147835862844295e-05
user_30262,1,16.0,1.565468977207389e-05
user_3586,1,15.0,2.911982830376547e-05
user_16448,1,24.0,3.9661054616405764e-05
user_4595,1,29.0,0.00015011001206192924
user_13048,1,16.0,1.3804259159375048e-05
user_15620,5,109.0,0.0010358776062315506
user_24190,1,11.0,2.0644621216307864e-05
user_25854,1,27.0,4.5492520039157486e-05
user_28888,1,13.0,0.0
user_32617,1,28.0,0.0002493253739822504
user_33566,1,20.0,1.9506424655759605e-05
user_4883,3,41.0,0.0003663712128237671
user_5266,1,11.0,0.0
user_7686,1,17.0,7.93299792767969e-06
user_8084,1,21.0,0.00012159486176878588
user_10334,4,594.0,0.009741736902754521
user_16941,3,117.0,0.0005111560530646122
user_22901,3,85.0,0.0004180325626167612
user_31824,5,94.0,0.00030488740433785025
user_9208,1,44.0,0.00010736728989112614
user_29781,5,22.0,0.00016426679971344495
user_6111,5,18.0,1.870262721367474e-05
user_23455,3,17.0,0.0
user_33811,0,43.0,1.093154346210894e-05
user_4520,2,45.0,9.090389623992111e-05
user_5170,7,6.0,0.0
user_6763,1,11.0,0.0
user_7916,1,10.0,0.0
user_22180,1,18.0,0.0
user_22721,5,17.0,0.00019499578297296928
user_240,5,18.0,0.00021087081515518334
user_24212,1,43.0,0.00021388480847128502
user_30466,5,30.0,0.0006824201121113174
user_4631,3,1508.0,0.0504749835061137
user_5319,3,6.0,0.0
user_10809,4,28.0,1.800710312466326e-05
user_11544,4,52.0,0.00035515433369202903
user_26662,4,25.0,0.00027005470007308244
user_29207,5,261.0,0.0030537106087006357
user_13661,1,37.0,6.793384168299685e-05
user_19331,0,116.0,0.0009248226047677186
user_30952,6,53.0,0.00027504176830866345
user_31898,1,11.0,0.0
user_8787,3,12.0,7.441140359976583e-05
user_16914,1,54.0,0.00016321083497250138
user_23011,1,10.0,1.1016640622895532e-05
user_12352,2,155.0,0.0014757281880933679
user_15237,1,12.0,0.0
user_32970,4,69.0,0.0010055208893585792
user_4069,5,14.0,7.671672105045983e-06
user_5670,1,6.0,0.0
user_14726,1,8.0,0.0
user_31662,1,8.0,0.0
user_3791,3,34.0,0.0007905228669373974
user_18116,4,254.0,0.001419494308583488
user_24489,1,62.0,9.194296548239146e-05
user_12386,7,14.0,5.4356656949398316e-05
user_15135,7,119.0,0.0012917968563184513
user_13492,1,20.0,3.264126674896668e-05
user_13603,1,28.0,1.3882590396411767e-05
user_14871,3,19.0,2.1151056584866778e-05
user_19134,1,11.0,0.0
user_33108,1,8.0,0.0
user_6235,1,10.0,0.0005348603429715159
user_15698,1,12.0,0.0
user_18912,1,12.0,3.565206200956622e-05
user_2524,6,9.0,5.246393104740491e-06
user_33730,1,8.0,0.0
user_14074,3,17.0,0.0001214620013623503
user_2325,1,9.0,0.0
user_31343,4,137.0,0.0017908443076182824
user_13224,4,17.0,5.817678667594351e-07
user_5531,4,25.0,0.0002913758835175013
user_17038,1,20.0,0.000474318691645604
user_19158,1,17.0,6.767922304251948e-06
user_31380,1,11.0,4.48527321011297e-06
user_33701,1,14.0,6.1832490163012925e-06
user_10243,1,6.0,0.0
user_18894,1,24.0,8.208046994623995e-07
user_21167,1,24.0,5.4177011778244355e-05
user_3058,1,7.0,0.0
user_35,1,11.0,3.1565555174324153e-06
user_3519,1,14.0,1.8581867823014537e-05
user_8530,1,5.0,0.0
user_8798,2,14.0,7.944912928340271e-07
user_16883,4,317.0,0.0018709011227389107
user_22182,0,146.0,0.0006401092368688767
user_18719,6,111.0,0.0020802674772002375
user_23696,1,12.0,2.7836611652839565e-05
user_29134,4,12.0,7.347764282997788e-07
user_4254,1,10.0,1.539984039665118e-05
user_4682,1,14.0,3.3771609215703233e-05
user_6483,1,35.0,0.00014127093627021553
user_13075,5,37.0,5.267478666810395e-05
user_33180,3,21.0,0.00018472837733891857
user_15834,5,37.0,0.00016299486722346903
user_20090,1,5.0,0.0
user_7410,1,15.0,0.00011820352765413721
user_967,0,90.0,0.003601552163259743
user_11438,7,196.0,0.0016128755297747308
user_19026,3,57.0,0.001777648582672885
user_15972,1,32.0,3.15222757355066e-05
user_29923,3,156.0,0.0005000299116091793
user_3965,4,190.0,0.001530854459012608
user_9096,3,75.0,0.0006110315516656562
user_11514,1,8.0,0.0
user_17065,7,23.0,1.1618314841830848e-06
user_30408,4,17.0,5.501498388106809e-06
user_11505,0,12.0,3.2168297011173906e-06
user_16951,3,42.0,0.0007936064010533419
user_12629,1,24.0,1.991661745288807e-05
user_27247,0,63.0,0.0002328397782884261
user_2798,3,352.0,0.003419316070690429
user_32148,1,20.0,0.0
user_21609,0,35.0,2.1084859643640167e-05
user_26406,1,40.0,0.00021353815291479526
user_4156,5,34.0,0.0006431241614684701
user_1100,5,19.0,4.2224653169522776e-05
user_11139,6,17.0,3.302217816480374e-05
user_17883,1,10.0,0.0
user_24744,4,19.0,8.63686164131587e-06
user_722,1,8.0,0.0
user_21951,1,15.0,5.581025148358361e-05
user_24820,1,3.0,0.0
user_2654,1,15.0,1.2217588768273382e-07
user_2788,1,3.0,0.0
user_34153,7,34.0,0.00045825435851185324
user_3742,7,11.0,0.0
user_6035,1,9.0,0.0
user_799,0,24.0,9.90513359642813e-05
user_8504,4,275.0,0.0019917731127311023
user_12354,1,28.0,0.00012942922704514443
user_12477,1,7.0,0.0
user_26568,1,13.0,3.3830446750314985e-05
user_28313,6,14.0,3.3906970133491285e-05
user_5977,5,57.0,2.79357471019475e-05
user_14755,6,100.0,0.0007292088216992355
user_24378,4,77.0,0.0003813077981315125
user_31616,4,29.0,0.00012058176006668802
user_12283,7,6.0,0.0
user_12466,1,7.0,0.0
user_1338,1,18.0,3.0542771831663234e-06
user_15145,6,39.0,0.00012461791443898202
user_17774,1,21.0,0.00029968019358750587
user_18220,1,19.0,7.396858337652663e-07
user_20201,6,40.0,0.0001676507115912802
user_20724,3,23.0,0.00010580889392839393
user_28936,3,18.0,1.2058070754218982e-08
user_29925,2,22.0,9.34638134262534e-05
user_11132,1,9.0,0.0
user_14826,0,144.0,0.0010996190199140594
user_25893,3,45.0,0.00012863797406615951
user_11506,1,90.0,0.00023301062579565363
user_2221,1,18.0,0.00015756985167693778
user_25796,2,17.0,2.560131434757461e-05
user_30240,1,11.0,7.771251962198715e-06
user_3134,1,28.0,3.192728493462268e-05
user_11711,5,23.0,0.00013462975591791855
user_3750,2,61.0,0.00090208148036558
user_11723,1,7.0,0.0
user_14757,3,115.0,0.000892223511582863
user_18226,1,5.0,0.0
user_20078,1,10.0,0.0
user_27570,1,3.0,0.0
user_27650,1,3.0,0.0
user_28136,3,6.0,0.0
user_18466,2,25.0,0.00016371008744601445
user_23581,1,14.0,1.8314789932189e-05
user_19185,1,34.0,0.0006606087797083418
user_25872,1,9.0,0.0
user_2596,3,11.0,0.0
user_26798,1,8.0,0.0
user_30568,1,96.0,0.0008457907750780753
user_32109,3,88.0,0.00011935297885816636
user_6897,1,21.0,8.459588087082717e-05
user_16389,1,14.0,4.544106650789468e-07
user_3122,1,5.0,0.0
user_32411,6,71.0,0.00021890967093990638
user_4543,1,35.0,0.00031364616658038084
user_17225,1,9.0,2.87608399950225e-05
user_17742,2,124.0,0.000464340775947674
user_21764,1,18.0,8.217227345052107e-05
user_27946,1,7.0,6.245706077072034e-05
user_9152,1,5.0,0.0
user_1735,0,16.0,1.0562637441047486e-05
user_28355,1,15.0,1.6344210296526525e-05
user_30506,1,18.0,5.5751920678745605e-05
user_5734,3,6.0,3.357691587033919e-05
user_1061,1,13.0,0.00010408598795778587
user_17751,1,8.0,0.0
user_19798,1,3.0,0.0
user_22974,1,14.0,1.680615016343691e-05
user_2374,4,169.0,0.0011186816289145821
user_24286,1,50.0,0.00015477755031173933
user_25786,7,20.0,6.330445521857192e-05
user_31425,7,45.0,0.0003845680280738972
user_16663,1,52.0,5.6884527672572594e-05
user_20009,0,16.0,2.2112710227087955e-06
user_23629,4,12.0,4.093503634235807e-05
user_26665,1,8.0,0.0
user_30430,1,5.0,0.0
user_4176,6,17.0,0.00010775576677120232
user_12008,1,17.0,3.0264601315185704e-05
user_17352,1,11.0,1.700935352219719e-06
user_27507,1,3.0,0.0
user_29642,1,9.0,0.0003372681281618887
user_6574,1,10.0,0.0
user_8661,1,27.0,0.000189522792423551
user_14300,1,9.0,8.348734549494237e-05
user_16018,4,48.0,0.00029921906012290604
user_25327,1,55.0,0.0004436028683513105
user_2755,3,48.0,0.0004939677389725002
user_11886,1,12.0,1.0646698252094544e-05
user_1342,1,12.0,5.520031095475209e-05
user_14474,3,12.0,4.549126886549909e-05
user_30341,1,5.0,0.0
user_9688,0,57.0,0.00015090258835520504
user_10728,4,9.0,5.520031095475209e-05
user_11482,5,42.0,2.327992204306473e-05
user_12910,0,148.0,0.0009808402892577243
user_14545,4,30.0,1.4517403163100677e-05
user_15880,1,10.0,0.0
user_1630,0,17.0,8.074134103168314e-06
user_20831,5,55.0,0.0009713740455912502
user_23080,0,28.0,0.00010498208312981443
user_26376,1,16.0,5.058052760393685e-06
user_29609,5,15.0,0.000167447348962351
user_2768,1,15.0,1.1868720691219052e-06
user_3864,3,25.0,0.00019896058227369858
user_12397,1,2.0,0.0
user_14236,6,9.0,1.8240365669923572e-05
user_24925,1,93.0,0.0010458253038330046
user_28069,1,6.0,0.0
user_28884,1,5.0,0.0
user_11500,2,44.0,2.6882195835754234e-05
user_18904,1,8.0,0.0
user_20745,7,24.0,7.144794110703784e-05
user_20930,1,22.0,7.846982613035398e-06
user_2886,4,12.0,3.427262933143214e-05
user_5008,1,11.0,8.368878629842309e-06
user_6657,1,22.0,0.0002819602521728879
user_6872,1,9.0,5.994419895782155e-05
user_8774,2,61.0,0.00021047798808611752
user_17241,1,12.0,2.0985572418961965e-05
user_19341,2,50.0,0.0003872331598220343
user_19707,3,60.0,6.510308863595132e-05
user_22870,3,15.0,1.899989243177556e-05
user_23210,5,13.0,2.464027255264479e-06
user_8816,1,41.0,0.0005817649073919226
user_1857,1,43.0,0.00032292479871059515
user_21707,1,27.0,4.2680433645436696e-05
user_26893,5,29.0,0.00015219849584472876
user_32475,1,44.0,0.0022314694169985397
user_34229,1,15.0,4.76347000308755e-05
user_8121,1,6.0,0.0009548381916004199
user_17640,4,17.0,6.81482374881862e-07
user_21637,0,68.0,9.831576627043606e-05
user_11055,2,27.0,0.000154535831052143
user_18038,1,36.0,0.0019477019614656634
user_19123,1,10.0,0.0
user_23192,1,11.0,1.6244006317199648e-05
user_12915,5,29.0,8.743794479115247e-05
user_15804,1,9.0,0.0
user_22038,1,10.0,0.0
user_27048,2,36.0,0.00012818949567835897
user_2827,3,7.0,0.0017214131572920513
user_28588,1,11.0,1.1906043682806395e-05
user_333,2,61.0,0.0006705420095540328
user_34006,1,5.0,0.0
user_8152,7,13.0,0.0
user_18247,1,25.0,1.7745397108083277e-05
user_23926,5,31.0,0.0004133296379463463
user_29843,7,6.0,0.0
user_7168,6,12.0,1.565468977207389e-05
user_16279,3,119.0,0.0003308489926392464
user_20480,1,17.0,4.80913260516159e-05
user_22772,5,11.0,0.0
user_22983,1,14.0,1.6163242928046132e-05
user_746,4,61.0,0.00016965503144239865
user_22766,3,89.0,0.0007354263915634539
user_24552,1,12.0,0.0
user_30761,1,4.0,0.0
user_541,1,4.0,0.0
user_12728,1,29.0,0.0003006123414809263
user_6639,2,52.0,0.0002638184104931694
user_6985,1,17.0,7.912741223317641e-06
user_16903,0,44.0,0.00017199564552605222
user_19245,4,10.0,0.00024262390741526806
user_9091,0,30.0,0.00022960953641814127
user_14634,1,44.0,0.00035892829506632966
user_13354,6,55.0,0.0003069028951262274
user_14631,2,22.0,5.210530215033142e-05
user_27795,2,23.0,1.2304409011578496e-05
user_15614,0,20.0,0.00018168105846344266
user_22369,2,21.0,9.003763615380026e-06
user_22930,1,8.0,0.0
user_24051,5,17.0,0.0
user_32108,0,29.0,0.00032795626456301783
user_467,2,209.0,0.0009786705066537216
user_822,6,78.0,0.0005141535766185996
user_15069,2,25.0,1.1733372371251744e-05
user_21635,5,11.0,2.030795319718426e-06
user_24837,2,15.0,0.0
user_3609,1,13.0,0.0
user_2818,4,52.0,0.000346295942186643
user_1825,2,72.0,0.0009638564713358872
user_22995,3,13.0,4.592043893723348e-06
user_25510,0,23.0,9.432027243849926e-07
user_30754,0,14.0,1.1242270938729625e-07
user_31271,2,17.0,1.1242270938729625e-07
user_25046,2,115.0,0.0013533354833787997
user_27567,7,40.0,4.180356499069761e-05
user_28300,1,4.0,0.0
user_31037,3,94.0,0.0006463889298189339
user_18323,1,13.0,0.0
user_5769,7,5.0,0.0
user_11770,1,8.0,0.0
user_12221,4,13.0,0.0
user_12712,1,65.0,0.001249523860614296
user_22563,1,16.0,1.0031754898792939e-05
user_13621,5,74.0,0.00020910570090047298
user_3585,0,58.0,0.00029242143744011143
user_15211,7,46.0,0.0004807567460904813
user_20703,1,13.0,6.048511816469799e-05
user_24395,1,16.0,0.00010471281474640441
user_32016,1,37.0,3.999159787680899e-05
user_33395,1,9.0,0.0
user_13347,0,80.0,0.0003102365222570678
user_23028,1,6.0,0.0
user_29087,1,47.0,0.00039205012994262764
user_32505,4,125.0,0.00047043681352377327
user_4640,1,67.0,0.00037100531447075384
user_21610,2,91.0,0.0013076952645171254
user_250,2,37.0,1.3991323772627702e-05
user_16192,5,10.0,1.0002909329442557e-05
user_25571,2,130.0,0.0009583542915508007
user_30830,1,9.0,0.0
user_5922,1,9.0,0.0
user_7010,7,23.0,0.00014299524511315886
user_7448,1,9.0,8.348734549494237e-05
user_25343,0,67.0,0.0005765827068303727
user_14472,1,3.0,0.0
user_21983,1,12.0,3.283056338597101e-05
user_28935,0,54.0,0.001230853634448383
user_30170,2,12.0,0.0
user_6672,5,60.0,9.743423722242876e-05
user_18355,6,421.0,0.007972380804099283
user_14268,1,11.0,3.423999081387359e-06
user_26047,1,7.0,0.0
user_26992,1,53.0,9.898827527120527e-06
user_3290,1,10.0,6.365099103055977e-05
user_7199,1,22.0,1.845954117062146e-05
user_17386,4,188.0,0.002120611062678738
user_17803,4,22.0,0.00028257731020405916
user_19332,0,70.0,0.0006909659640567344
user_20257,3,61.0,1.5650914648747008e-05
user_23020,1,22.0,8.145856332172464e-05
user_9384,0,334.0,0.0030132438480986647
user_13927,1,68.0,0.00018656202008805075
user_25026,3,25.0,9.02154763432569e-06
user_28400,1,9.0,0.0
user_30210,1,4.0,0.0
user_30532,3,26.0,0.00018424650670146488
user_30536,1,12.0,3.323781183651352e-05
user_32027,2,28.0,5.2757665806584504e-05
user_31721,2,18.0,0.0
user_24785,1,52.0,0.0009664277944349947
user_29016,1,10.0,0.0
user_7454,1,25.0,3.439411714298112e-05
user_10203,3,56.0,0.0007649990787291658
user_13317,3,37.0,0.0006184626509745983
user_19124,3,55.0,0.0003505729844718958
user_29904,1,10.0,0.0
user_7915,1,9.0,0.0
user_10487,2,43.0,0.0007693342311841517
user_14577,2,36.0,0.00019410866635085258
user_2022,1,15.0,6.762780130646084e-05
user_3242,1,25.0,0.00014196005267399158
user_17257,7,15.0,0.00022455566781993323
user_3041,6,52.0,5.587387790639252e-05
user_5745,1,11.0,2.4095934045343826e-05
user_22535,0,158.0,0.003379442293987687
user_16747,1,4.0,0.0
user_17196,1,8.0,0.0
user_3362,0,85.0,0.0010635779260018117
user_9649,1,25.0,0.00017311938572523114
user_11905,1,9.0,0.0
user_1579,0,27.0,4.8214969975329145e-05
user_16944,1,22.0,6.268492919410832e-05
user_27000,1,38.0,0.00011128294829363651
user_28624,1,9.0,0.0
user_9175,1,35.0,0.00032663974875492806
user_19145,7,29.0,0.00039196818699824076
user_4026,7,37.0,6.581644992574966e-05
user_17025,1,7.0,0.0
user_19088,0,17.0,0.0
user_2569,1,14.0,1.5548798506838383e-05
user_2868,1,22.0,0.00015124963878751936
user_12743,1,5.0,0.0
user_14775,1,10.0,0.0
user_28473,1,6.0,0.0004264568109424767
user_3797,2,9.0,1.0558306362819466e-05
user_9793,1,20.0,1.0734152827593694e-06
user_10628,1,16.0,5.364130486204857e-05
user_22849,1,64.0,0.0008056325069888322
user_14925,1,15.0,0.0
user_16006,1,7.0,0.0
user_2056,1,37.0,0.0003705805212463316
user_27234,4,34.0,0.00013137513280334732
user_32681,7,39.0,5.852089991460294e-05
user_32781,5,16.0,9.111069496875054e-07
user_9293,1,18.0,3.942507627157302e-05
user_20135,1,10.0,0.0
user_23160,1,22.0,4.753513270311371e-05
user_10733,1,8.0,0.0
user_21451,1,15.0,5.186184959885865e-05
user_16259,1,7.0,0.0
user_12045,1,3.0,0.0
user_12639,6,38.0,0.0001512654589906678
user_3390,6,15.0,7.612350066196854e-05
user_20642,1,11.0,0.0
user_6273,1,10.0,1.580369640211609e-05
user_11425,1,12.0,0.0
user_19191,1,10.0,0.0
user_32993,4,13.0,0.0
user_30259,1,25.0,3.129406195210592e-05
user_25187,7,79.0,0.0003754383917015624
user_28046,1,15.0,5.177566483571877e-06
user_6008,1,9.0,0.0
user_7569,5,47.0,0.0002876849605809153
user_11040,1,6.0,0.0
user_28925,1,13.0,1.5135024088379557e-05
user_16047,1,25.0,7.238623423591805e-05
user_17137,1,4.0,0.0
user_18596,3,12.0,0.00010593547577502462
user_19108,1,74.0,0.0012368911441872179
user_24738,2,18.0,7.009241777796635e-05
user_25970,1,12.0,4.058595116281237e-06
user_4880,1,4.0,0.0
user_10252,7,47.0,0.0002225167587842739
user_9213,3,178.0,0.0011002818473223649
user_918,0,15.0,0.00011058666206840246
user_10273,1,3.0,0.0
user_11822,1,4.0,0.0
user_13859,1,9.0,0.0
user_15540,0,26.0,6.862821940938841e-06
user_16564,1,17.0,6.786199872203245e-08
user_19255,1,24.0,8.690395810252553e-05
user_19968,1,7.0,0.0
user_20748,1,17.0,0.0
user_26010,1,39.0,0.0001273347334066281
user_4992,1,6.0,0.0
user_16908,3,7.0,0.002317746542426792
user_4529,0,34.0,6.021416773105069e-05
user_19604,7,90.0,0.00035459337683249907
user_5662,1,6.0,0.00041746299419149384
user_10264,6,30.0,0.0001882892396496355
user_24903,6,14.0,0.00010485240289028871
user_6910,5,13.0,6.294367773884344e-05
user_6920,1,5.0,0.0
user_693,1,19.0,0.0001208134040903452
user_7280,1,36.0,0.0001720197539868783
user_7819,1,17.0,9.686624049708066e-05
user_9534,0,92.0,0.001191422050630941
user_19339,5,22.0,7.958353474021753e-06
user_4304,5,56.0,0.0005302777142547792
user_11013,2,564.0,0.008013371481972965
user_32369,7,43.0,3.474742323597276e-05
user_2026,1,15.0,2.751124425977903e-06
user_23519,1,18.0,6.465677298417417e-06
user_11976,1,25.0,6.446389925284929e-05
user_5944,2,24.0,1.8027200819145647e-05
user_17052,1,3.0,0.0
user_17454,3,10.0,0.0
user_27499,1,10.0,1.9483858961654903e-05
user_32641,6,23.0,1.526591419028033e-05
user_8788,1,22.0,4.1572865581310655e-05
user_6595,4,54.0,5.704538195363414e-05
user_33114,1,4.0,0.0
user_9872,1,4.0,0.0
user_19350,1,29.0,0.0001499877215279701
user_15767,1,8.0,0.0
user_29540,1,4.0,0.0
user_5132,1,50.0,0.0002451811644222789
user_7492,1,7.0,0.0
user_11616,7,31.0,1.5571024024856737e-05
user_13295,2,18.0,1.663128763331324e-05
user_21214,1,18.0,0.00011423533096306905
user_27572,1,11.0,8.734379729320707e-07
user_3991,1,29.0,4.197797917930565e-05
user_4094,7,13.0,8.348734549494237e-05
user_5629,1,9.0,1.245675034955358e-05
user_1357,1,16.0,0.00010971818792809052
user_17432,1,41.0,0.002711913666941173
user_19148,1,18.0,2.6051993521385383e-05
user_8588,5,23.0,8.47127308242198e-05
user_20774,1,8.0,6.865762131783424e-05
user_32631,2,169.0,0.002486746812495618
user_12407,1,10.0,0.0
user_27424,3,164.0,0.0011769140679267383
user_13310,1,21.0,3.6938995403208703e-07
user_19489,6,27.0,6.0249006638028166e-05
user_20507,3,9.0,0.0
user_2899,2,56.0,0.00018307846096877944
user_3627,2,12.0,3.626869592593615e-06
user_1605,1,8.0,0.0
user_16417,3,11.0,0.0
user_16594,1,3.0,0.0
user_16796,1,2.0,0.0
user_1913,1,3.0,0.0
user_19371,1,9.0,6.29567172568859e-05
user_19414,1,8.0,0.0
user_20508,5,23.0,2.1919368799162733e-05
user_22143,1,29.0,7.082115772330087e-05
user_24039,1,2.0,0.0
user_25422,1,6.0,0.0
user_26541,1,3.0,0.0
user_26849,5,5.0,0.0
user_26995,5,11.0,0.0
user_27720,1,2.0,0.0
user_31420,6,16.0,1.797352287787691e-05
user_32364,1,11.0,0.0
user_3257,1,2.0,0.0
user_33722,5,12.0,3.4103982501493656e-06
user_34302,1,2.0,0.0
user_4662,1,7.0,0.0
user_6679,3,9.0,0.0006579418218761452
user_6827,1,26.0,9.748446072726133e-06
user_6973,5,10.0,0.0
user_16284,5,123.0,0.0008708695270282579
user_23347,1,11.0,5.228575115786036e-05
user_23435,3,6.0,0.0
user_26387,1,16.0,0.0
user_3998,1,5.0,0.0
user_4134,2,48.0,0.00032937330855950286
user_5182,1,5.0,0.0
user_10765,1,12.0,0.0
user_16243,1,22.0,2.5681319503923705e-05
user_23912,1,26.0,7.157683140676993e-05
user_25743,1,6.0,0.0
user_33394,5,13.0,6.573234849678555e-06
user_33551,4,27.0,8.852660106564071e-05
user_3407,2,43.0,2.5095518105964638e-05
user_3605,1,5.0,0.0
user_3611,1,15.0,4.511948202834632e-07
user_6512,1,17.0,1.2760622140886364e-06
user_8831,1,7.0,0.0
user_14281,1,12.0,1.0344421729830272e-05
user_15909,1,6.0,0.0
user_16946,0,16.0,8.74946701916589e-05
user_17436,5,11.0,0.0
user_17513,1,11.0,5.538492737934992e-05
user_18927,6,33.0,0.00021969833217310133
user_32308,3,57.0,8.634992208782803e-05
user_1271,2,89.0,0.00023499315176561808
user_32389,4,124.0,0.0008298863800968435
user_5729,4,58.0,0.00012982780841890097
user_25801,1,20.0,9.287859782025855e-05
user_20917,1,4.0,0.0
user_3194,2,26.0,3.277866079714576e-05
user_8343,5,18.0,1.3911730262537727e-06
user_12575,1,11.0,2.852228361225047e-05
user_18470,2,63.0,0.00013474189277757598
user_20559,2,12.0,4.225792964131978e-05
user_28161,7,22.0,9.2565164862193e-05
user_32319,3,72.0,0.00036539302222955835
user_7084,2,32.0,4.1864972356283454e-05
user_26540,3,40.0,9.933901825299767e-05
user_30973,5,8.0,7.188941531268683e-05
user_4506,5,152.0,0.00121221087908677
user_17741,1,28.0,3.357413157376454e-05
user_18242,1,6.0,0.0
user_25699,0,17.0,0.00011165687545377653
user_23908,7,364.0,0.003779794060351351
user_15646,4,10.0,6.860094285850775e-05
user_16418,7,9.0,1.4458604987055352e-05
user_18919,6,64.0,0.0004393101541920267
user_19508,3,26.0,6.5822169507878145e-06
user_22669,7,20.0,5.883295469833787e-05
user_26796,7,8.0,2.852228361225047e-05
user_29916,1,18.0,9.978259915348445e-07
user_9037,1,13.0,9.886566956349335e-06
user_23287,2,14.0,0.0
user_28378,1,7.0,0.0
user_1776,3,23.0,3.767473940389118e-06
user_2102,1,16.0,5.036423979324188e-05
user_24656,3,28.0,0.00019705002332955733
user_28236,1,7.0,0.0
user_17743,1,6.0,0.0
user_1976,1,6.0,0.0
user_24973,4,20.0,2.0381572158769037e-06
user_30282,1,9.0,0.0
user_30726,5,28.0,0.00013931942385355411
user_3292,1,12.0,0.0
user_3962,5,32.0,6.694543132062967e-05
user_10097,3,12.0,2.0362592662572775e-05
user_14354,1,8.0,0.0
user_19782,1,10.0,5.0567185460450896e-05
user_31927,2,5.0,0.0
user_15756,1,7.0,0.0
user_17593,2,14.0,2.1859173317656815e-05
user_29041,1,9.0,2.265593908657243e-06
user_7319,4,14.0,1.7105850756025625e-05
user_7491,1,57.0,9.821581277723902e-05
user_12564,1,8.0,0.0
user_257,1,31.0,0.0002625128323773045
user_29118,3,17.0,4.057997218929998e-05
user_30659,2,62.0,0.0007528905747461486
user_1769,7,57.0,0.0005310213723814206
user_18502,3,9.0,2.1080553062917225e-05
user_19556,3,18.0,0.00030208554186964947
user_5499,1,15.0,4.790705955126009e-06
user_19474,1,56.0,0.00028474840399091324
user_31810,4,46.0,0.0005230718868381904
user_424,1,25.0,0.0005129377882410143
user_12607,3,29.0,2.1883076419697227e-05
user_16226,3,90.0,0.0008842972599468442
user_28532,5,23.0,8.112604509965893e-05
user_14285,1,18.0,3.819220819118416e-06
user_1680,3,30.0,0.00025034175308970405
user_21006,1,6.0,0.0
user_21719,1,9.0,0.0
user_791,3,15.0,2.8335090928020043e-05
user_5795,2,109.0,0.0004749012406480588
user_16125,1,34.0,4.671686187244619e-05
user_16529,6,9.0,6.442511998656914e-06
user_28842,1,26.0,0.0003141684981549223
user_33754,1,12.0,0.0
user_15329,1,29.0,3.281609996090066e-05
user_18449,1,11.0,3.1533441144611337e-06
user_20974,0,33.0,0.0002326973407871941
user_22040,1,4.0,0.0
user_28649,1,14.0,4.391026811950306e-06
user_7695,1,15.0,3.321475167841399e-05
user_9468,3,74.0,0.00013495994571504822
user_22060,2,54.0,3.9972733165252375e-05
user_31573,5,20.0,3.849626109322568e-07
user_16196,0,64.0,0.00017684733086821157
user_27989,0,18.0,2.5226996911613412e-05
user_5540,1,12.0,7.333407672784135e-05
user_31568,1,13.0,2.852228361225047e-05
user_34129,4,98.0,0.00034685922465961354
user_4630,1,5.0,0.0
user_6708,1,27.0,0.0005948969476200005
user_121,7,43.0,0.00033373393166636825
user_16083,2,14.0,8.82229688800738e-06
user_23979,6,137.0,0.0006789057012890187
user_29400,2,18.0,4.74471561722647e-05
user_4753,1,11.0,8.794973863632018e-08
user_12224,1,53.0,0.0002210995202408141
user_15482,1,28.0,0.0025156543319408368
user_4352,3,10.0,1.6863406408094428e-05
user_11,1,28.0,0.00015608219508191063
user_11509,4,263.0,0.002483120134081766
user_4194,4,129.0,0.0005667517379428877
user_30824,2,27.0,7.744967020902026e-06
user_33476,2,33.0,0.0003407040523974721
user_23763,1,26.0,0.00020240173206778533
user_28131,2,42.0,8.430356077084826e-05
user_30203,4,12.0,0.0
user_6178,5,40.0,7.80681973611404e-05
user_1252,5,23.0,5.207233377300473e-06
user_1324,1,83.0,0.0005255320836668444
user_15839,1,22.0,0.0001715940485312965
user_15911,1,11.0,2.876676550049157e-05
user_27906,3,6.0,0.0
user_28293,1,25.0,1.4725698524015484e-05
user_7,1,2.0,0.0
user_9954,1,6.0,0.0
user_15319,3,32.0,0.0001615642038220952
user_16290,3,27.0,0.0002716219546822482
user_29117,3,6.0,3.147835862844295e-05
user_29281,3,37.0,3.9767057825148546e-05
user_303,3,16.0,7.140463713317406e-05
user_5787,1,34.0,0.00038336329765751133
user_33312,1,18.0,2.1466446614763968e-06
user_28023,3,24.0,0.000381307748187536
user_18711,5,145.0,0.0010333141185721111
user_24331,5,38.0,0.00011233590997489807
user_29879,5,343.0,0.006012840500733106
user_32042,1,47.0,0.0003155222059152759
user_5671,1,16.0,3.049604962486126e-06
user_12884,0,102.0,0.0013441847149554607
user_19118,4,370.0,0.0035192302307703706
user_22034,1,12.0,6.353798521456444e-05
user_29826,1,12.0,7.3169599160707335e-06
user_33499,5,67.0,0.0005097761939035056
user_17694,4,27.0,0.00012074813239126529
user_25080,3,36.0,0.00014211882769066546
user_28348,1,7.0,0.0
user_10896,1,65.0,0.0006699397496655582
user_30160,1,8.0,0.0
user_31158,1,10.0,0.0
user_8279,2,95.0,0.0002994007568696799
user_14152,2,39.0,0.00011306495814858582
user_16281,6,78.0,4.7063238754011326e-05
user_33350,2,70.0,0.00011611722372287389
user_19204,7,23.0,6.287771260975746e-05
user_22463,1,12.0,0.0
user_24009,1,10.0,3.448897765418559e-05
user_31408,2,23.0,0.0003494554611262057
user_14197,1,5.0,0.0
user_24877,4,22.0,1.3150622932580955e-05
user_24979,1,13.0,9.06614832862379e-05
user_27100,1,9.0,0.0
user_3097,6,134.0,0.0016603340911647594
user_12668,1,2.0,0.0
user_22121,1,34.0,0.00028914112648954695
user_6924,6,29.0,0.0003254666135148658
user_1570,2,56.0,0.0004491045876845551
user_9925,1,21.0,2.7754394925070608e-05
user_19882,2,32.0,6.299168581253777e-06
user_8087,1,9.0,0.0
user_12641,1,4.0,0.0
user_20883,1,26.0,0.0002548411278220382
user_32079,1,16.0,0.0005794938253083002
user_32961,1,12.0,1.986569141507842e-06
user_33793,1,5.0,0.0
user_4519,1,62.0,0.0002645615829258521
user_7571,1,6.0,0.0
user_23573,1,19.0,0.00036536644046631907
user_23774,1,83.0,0.0001720608336482582
user_5432,1,9.0,0.0
user_7570,1,6.0,0.0
user_2290,1,9.0,0.0
user_27419,1,4.0,0.0
user_31285,3,15.0,1.2755504458612578e-06
user_31154,3,55.0,0.0005187606397622316
user_12718,4,9.0,5.520031095475209e-05
user_19888,2,61.0,0.0011297994206618716
user_27110,1,5.0,0.0
user_371,1,3.0,0.0
user_7784,1,5.0,0.0
user_26019,4,32.0,0.000454709680121532
user_17695,3,19.0,0.00018488574422375343
user_14082,0,99.0,0.000882926214295083
user_5573,4,4.0,0.009163781382427776
user_33681,1,6.0,0.0
user_23583,1,12.0,2.852228361225047e-05
user_3214,1,8.0,0.0
user_6975,1,13.0,8.889389525554167e-05
user_14243,1,18.0,1.8359849804316724e-05
user_15683,5,16.0,0.00012960775346673083
user_17373,1,37.0,1.3441657849695432e-05
user_22131,1,4.0,0.0
user_31282,1,14.0,4.0705159625503005e-05
user_9556,1,3.0,0.0
user_12262,2,8.0,0.0
user_22258,3,59.0,0.0005365057249251319
user_16954,1,38.0,0.00011626461667422805
user_19147,1,11.0,0.0
user_28507,1,12.0,1.6365780664765078e-05
user_4434,1,11.0,7.140463713317406e-05
user_9590,2,24.0,0.00023791905955226783
user_13803,4,50.0,8.54331255219565e-05
user_13670,1,17.0,0.0001787165426394332
user_14887,1,12.0,0.0
user_14898,1,7.0,9.368559115608042e-05
user_15550,0,20.0,0.000113464301904204
user_34204,1,5.0,0.0
user_5140,1,7.0,0.0
user_15626,4,17.0,6.870276684779215e-07
user_22953,1,8.0,0.0
user_32264,5,15.0,1.7174431170921837e-05
user_17070,0,16.0,0.00017886774285560115
user_3626,1,18.0,0.0
user_6663,1,6.0,0.0
user_11010,2,57.0,0.0003462886853009873
user_19344,2,383.0,0.0032816539789255776
user_28396,1,12.0,6.293681022753195e-06
user_4995,1,4.0,0.0
user_20340,1,13.0,0.0
user_22154,1,17.0,0.0012402315382384812
user_5256,1,20.0,1.988876635014624e-05
user_11394,7,159.0,0.0006155181684086665
user_18281,7,20.0,9.951979269317925e-05
user_4163,4,26.0,0.0003689337277185462
user_13570,1,7.0,0.0
user_16496,1,10.0,1.260221166329288e-06
user_19261,1,3.0,0.0
user_12550,1,19.0,7.18756507346708e-06
user_835,1,15.0,4.191249833783327e-05
user_20164,1,28.0,2.919669698442836e-05
user_22867,1,13.0,1.1127980012275285e-06
user_13799,5,46.0,0.00024094767936001189
user_2075,1,2.0,0.0
user_14193,2,38.0,3.942766549513715e-05
user_19387,2,22.0,0.0003080839764217062
user_16936,5,59.0,0.0032060124663484853
user_23670,1,4.0,0.0
user_28617,5,22.0,3.254129245770862e-06
user_4700,1,21.0,1.6079077672140126e-05
user_5949,5,11.0,0.0
user_7523,1,20.0,9.465246043930874e-05
user_11853,5,55.0,5.806152405080863e-05
user_32990,2,34.0,2.901671202711356e-05
user_8623,1,7.0,0.0
user_16856,3,13.0,0.0002530120292024817
user_3691,2,30.0,1.8455348783750825e-05
user_3755,1,15.0,1.3130795229051693e-05
user_40,1,18.0,0.0
user_22285,5,17.0,4.9838629881204445e-06
user_30468,3,12.0,6.042649024933576e-05
user_2609,5,39.0,0.00016199847956612095
user_29570,3,34.0,0.0002581633905081589
user_5095,1,6.0,0.0
user_11441,1,6.0,0.0
user_4497,3,159.0,0.0011676321636822412
user_8335,2,12.0,0.0001444465066231036
user_19563,1,12.0,6.2767459217077e-06
user_28317,1,25.0,0.0
user_852,1,8.0,0.0
user_1752,1,10.0,0.0
user_28708,5,34.0,0.00014918339898828414
user_34077,5,14.0,0.0
user_3493,5,10.0,3.8916417161641586e-05
user_4397,1,13.0,0.0
user_5254,7,31.0,0.00013316256185901213
user_9486,5,67.0,0.00017306373934935555
user_11205,0,135.0,0.001003718034224208
user_4778,1,12.0,3.6590926570512804e-07
user_17230,7,35.0,3.2405544846897185e-05
user_18072,1,6.0,0.0
user_2087,5,50.0,2.3542677129938182e-05
user_25758,1,52.0,0.00037168228996198744
user_2700,1,12.0,0.0
user_2839,1,3.0,0.0
user_19844,1,26.0,0.0005357607114813128
user_16000,1,18.0,0.0
user_22538,3,12.0,0.00013983535268790684
user_31429,1,7.0,0.0
user_4046,1,22.0,0.00021965535712672766
user_14904,1,21.0,5.928440959055598e-05
user_20151,1,5.0,0.0
user_22211,1,26.0,0.00015248049822665533
user_11452,1,28.0,0.0001559047158147111
user_12646,4,19.0,6.930083127304626e-05
user_1658,1,24.0,0.00011367145866433082
user_29316,1,26.0,0.00016799643843230712
user_5210,1,9.0,0.0
user_2183,1,6.0,0.0
user_3303,1,26.0,0.00012667168809138606
user_4063,5,46.0,0.0003615070456682891
user_28284,5,34.0,3.6868948314819236e-05
user_16802,1,7.0,0.0
user_18574,1,17.0,1.984438780720779e-06
user_24599,0,93.0,0.00042012099529997873
user_29948,3,12.0,8.473156214119384e-05
user_4591,3,14.0,3.443602997766914e-05
user_705,5,18.0,0.00017624506419330638
user_14513,1,13.0,0.00010411374567073005
user_16229,4,13.0,7.765818310750738e-05
user_22311,7,21.0,0.0001298887976024763
user_32015,1,12.0,1.4357005187100893e-05
user_32692,1,8.0,0.0
user_17224,1,9.0,0.0
user_23042,1,7.0,0.0
user_2501,4,57.0,0.00010143558069961356
user_25252,1,9.0,0.0
user_5217,1,19.0,9.497686192022222e-06
user_14284,4,159.0,0.001106315332095183
user_22783,1,15.0,2.1766247525731843e-05
user_22822,1,20.0,4.4893770607411e-05
user_26332,1,8.0,0.0
user_32780,6,6.0,0.00028555368184373194
user_7293,1,11.0,3.2769185316285255e-06
user_15884,0,11.0,1.4548492695176686e-07
user_4485,0,5.0,0.0013233199752592652
user_12223,1,5.0,0.0
user_14859,2,25.0,4.996267011278091e-05
user_20470,0,22.0,2.375867522079169e-05
user_21853,1,7.0,0.0
user_6980,1,10.0,0.0
user_14282,1,10.0,7.140463713317406e-05
user_2265,1,8.0,0.0
user_10747,1,11.0,0.0
user_21464,1,8.0,0.0
user_26357,5,8.0,0.0
user_27660,3,29.0,0.0002650708945734268
user_28556,5,46.0,7.045936961439052e-05
user_9430,1,11.0,0.0
user_16247,1,6.0,0.0
user_16349,1,12.0,0.0
user_23781,1,13.0,0.0
user_27216,0,16.0,1.1966796034810138e-05
user_31247,1,13.0,0.0
user_32900,3,18.0,6.734427502230362e-05
user_32919,1,19.0,6.702541146649834e-05
user_20630,2,25.0,2.705649946938869e-05
user_5796,3,17.0,0.0003343606985821132
user_20514,5,24.0,2.3358236864314575e-05
user_698,1,12.0,6.701220759349915e-05
user_17415,1,7.0,0.0
user_17635,1,27.0,7.10964528044616e-06
user_21399,1,11.0,2.7599997187748017e-06
user_23702,1,17.0,9.023325812807069e-05
user_11929,5,30.0,0.00010522958238669836
user_3847,0,40.0,0.00034321769631881114
user_18535,3,127.0,0.0012091152615821695
user_25323,1,19.0,5.8904962635271575e-05
user_16303,1,71.0,0.00016658686990570038
user_22227,1,32.0,0.00011155514300734482
user_32262,0,90.0,0.00032033762635729006
user_3296,6,41.0,0.0001413125745294807
user_4809,1,18.0,0.000995828986010186
user_26812,3,26.0,7.6100901378787e-05
user_6883,1,16.0,1.8396280123409398e-05
user_17278,1,12.0,0.0
user_19208,1,5.0,0.0
user_22162,3,19.0,0.00016342408005956346
user_2298,3,45.0,0.0011636718640448502
user_12216,1,31.0,2.4595536449078156e-05
user_31610,5,33.0,0.00027205596055163215
user_8969,0,8.0,0.0001770408933254079
user_13013,1,14.0,0.0
user_14242,4,77.0,0.00020992915647002016
user_4009,1,14.0,0.0
user_14839,1,17.0,6.981689464055983e-05
user_11950,1,8.0,0.0
user_8257,2,11.0,0.0
user_6389,1,20.0,0.0002720169378924343
user_1152,1,4.0,0.0
user_27701,1,4.0,0.0
user_3695,3,25.0,1.5930944969972618e-05
user_579,1,13.0,2.1607754789534932e-05
user_14280,2,135.0,0.00041433380849274743
user_25135,4,13.0,2.1906931465820258e-07
user_15323,1,9.0,0.0
user_22586,1,9.0,0.0
user_2687,5,18.0,7.771645629993016e-07
user_34300,1,10.0,0.00020612089014852605
user_5794,1,17.0,3.452159801973865e-05
user_18999,1,13.0,1.861372282239851e-07
user_28043,1,3.0,0.0
user_16190,1,69.0,3.272152826060506e-05
user_17753,2,47.0,0.0005541749963812364
user_2251,1,16.0,9.011756240074821e-05
user_32830,1,17.0,0.0
user_3883,1,9.0,0.0
user_14245,1,15.0,1.31280099203365e-05
user_16865,1,3.0,0.0
user_21121,1,18.0,2.5207831055188707e-05
user_23874,1,12.0,0.0
user_28628,1,14.0,2.96062666301734e-05
user_11641,1,40.0,0.00015367720063057906
user_21229,1,9.0,0.0
user_21879,1,8.0,0.0
user_25362,1,17.0,0.0
user_26887,1,18.0,7.254681484925214e-06
user_2855,1,3.0,0.0
user_5450,2,30.0,1.5770828891606065e-05
user_19351,1,12.0,1.3039022807773687e-07
user_30090,4,19.0,8.279381278971332e-05
user_7136,1,19.0,1.147317279976077e-06
user_2113,1,9.0,1.259134345137717e-05
user_22309,1,31.0,0.00010400181444827256
user_17354,4,8.0,0.0
user_22166,1,10.0,1.3743630795890682e-05
user_23560,1,12.0,7.423115774440569e-06
user_10998,2,34.0,8.862491268839533e-05
user_17169,5,19.0,2.1787517770599277e-07
user_3450,1,9.0,1.1908166498816957e-06
user_5681,1,20.0,0.0
user_19626,4,65.0,8.980820375177219e-05
user_22616,1,30.0,0.000445955360536977
user_19215,7,14.0,0.000123341665457075
user_13213,2,40.0,0.0005198018085982291
user_23653,1,8.0,0.0
user_11289,2,77.0,0.0003061350731741196
user_12464,1,5.0,0.0
user_14145,1,11.0,0.0
user_15435,1,10.0,6.069821857654696e-06
user_14123,1,20.0,0.00014757931700550768
user_13950,0,13.0,2.096088916894505e-05
user_30263,6,51.0,0.0007601957510961558
user_5599,0,9.0,2.982411812343693e-06
user_15539,1,7.0,0.0
user_13527,5,21.0,4.846773276433339e-06
user_6840,1,15.0,0.0003823148309380764
user_9150,4,69.0,0.001082463079392347
user_17176,6,9.0,7.140463713317406e-05
user_22206,1,8.0,0.0
user_29721,1,6.0,0.0
user_949,1,13.0,0.00011441869197243224
user_107,7,8.0,0.0
user_12439,4,55.0,0.0008636518745979558
user_22603,1,12.0,9.02154763432569e-06
user_22881,1,18.0,0.00010986939174243722
user_30130,1,11.0,0.0003110951112103268
user_4828,1,10.0,0.0
user_13133,0,39.0,0.00019214450242694848
user_15067,1,5.0,0.0
user_25697,1,30.0,0.00015868833846825463
user_5600,1,20.0,0.0
user_9827,5,17.0,5.202380059671329e-05
user_2175,7,67.0,0.00018093081364819316
user_24932,1,6.0,0.0
user_27821,1,6.0,0.0
user_32328,1,12.0,8.864551283816625e-06
user_6278,4,152.0,0.0006579022362989518
user_6402,1,8.0,0.0
user_7349,1,12.0,0.00031399829677248523
user_12926,1,10.0,0.0
user_17149,1,5.0,0.0
user_21179,1,13.0,1.4491500304243176e-06
user_24213,1,69.0,0.0011444288858834912
user_15750,1,4.0,0.0
user_24072,2,10.0,0.0
user_24851,1,13.0,0.0
user_25328,2,14.0,1.4641852489442728e-05
user_34086,1,6.0,0.0
user_5684,1,20.0,1.8977200282575865e-05
user_10093,6,62.0,0.0006427911551448875
user_24850,1,28.0,8.194383088644547e-05
user_4399,2,19.0,4.300614755926729e-07
user_11877,7,22.0,2.2227302997155777e-05
user_11282,1,4.0,0.0
user_4688,2,29.0,0.00018493455711089812
user_1255,3,9.0,6.353798521456444e-05
user_2042,0,17.0,4.9341099882716756e-05
user_4984,1,10.0,1.9285778573882677e-06
user_9405,1,13.0,5.2139936618580366e-05
user_15460,7,11.0,0.00010971818792809052
user_21477,1,27.0,0.0004021158986243855
user_6069,1,15.0,8.245411406507113e-06
user_778,1,12.0,4.4263862888558414e-08
user_23367,0,23.0,1.8962939621407115e-05
user_26061,1,8.0,0.0
user_12938,5,12.0,3.8543379980756726e-05
user_14110,5,41.0,0.000229642556702735
user_15938,1,15.0,0.0
user_3761,1,21.0,0.0001725689700037321
user_6640,1,46.0,6.058346465523195e-05
user_28222,1,9.0,0.0
user_2790,3,39.0,9.442509012528067e-06
user_28121,1,16.0,1.892104178306194e-05
user_28553,1,3.0,0.0
user_33651,1,7.0,0.0
user_16236,2,55.0,0.0005926113843733486
user_28692,1,22.0,8.862224210236252e-05
user_7190,2,38.0,9.426325215631508e-05
user_18581,1,10.0,1.597795109266404e-06
user_29733,1,11.0,6.995190806320647e-06
user_563,1,12.0,0.0
user_17569,1,12.0,0.0
user_5042,7,45.0,3.858914729652256e-05
user_5685,1,43.0,0.00044696104062171314
user_9808,3,23.0,0.00012187756142305407
user_17028,6,9.0,0.0
user_17889,1,29.0,1.831263088717475e-05
user_12682,1,3.0,0.0
user_18128,1,10.0,5.456552674090617e-07
user_24920,2,10.0,0.0
user_20423,2,84.0,0.00011657832417200252
user_12396,1,8.0,0.0
user_11256,4,12.0,0.00011858626295497484
user_17096,5,7.0,0.0
user_33557,5,43.0,6.619159364292928e-05
user_22966,3,8.0,0.00016694236997778352
user_29278,5,17.0,5.8096949003149465e-06
user_7928,1,21.0,4.121103633752405e-05
user_12383,1,14.0,4.8846093721482363e-05
user_11541,0,189.0,0.0024232710666497316
user_14711,5,18.0,9.801062261904792e-06
user_23383,1,5.0,0.0
user_24325,5,8.0,8.37665673862298e-05
user_1229,3,11.0,0.0
user_30657,2,17.0,5.769245972227777e-05
user_8476,5,7.0,8.348734549494237e-05
user_1169,1,4.0,0.0
user_1703,1,3.0,0.0
user_24912,2,8.0,0.0
user_8385,3,37.0,6.943125579489494e-07
user_2775,1,4.0,0.0
user_14247,2,41.0,0.0004152906153118863
user_27748,1,7.0,0.0
user_27391,1,5.0,0.0
user_3631,2,15.0,6.650278717407686e-06
user_18681,1,11.0,0.0
user_31910,1,13.0,2.911023625746765e-05
user_10236,6,19.0,0.0004519121433961255
user_14342,4,37.0,1.005089031736567e-05
user_17634,2,29.0,0.0
user_11526,0,9.0,8.817152493375088e-05
user_16117,6,131.0,0.0008401199032314726
user_1451,1,9.0,0.0
user_27931,1,15.0,2.0767891563543472e-07
user_9005,4,13.0,8.637775431909187e-06
user_110,4,17.0,1.055822835036207e-06
user_15517,1,6.0,0.0
user_406,1,16.0,0.0
user_16264,5,95.0,0.0003231574038182916
user_17562,1,13.0,0.00023549051591399063
user_26362,1,24.0,4.378159474011166e-05
user_29369,1,12.0,1.9738203895738005e-07
user_30171,1,9.0,0.0
user_4763,1,4.0,0.0
user_17631,1,13.0,6.840749152525082e-05
user_24063,1,11.0,0.0030872274825898324
user_24596,1,6.0,0.0
user_27017,1,12.0,0.0
user_29500,1,13.0,5.290099734296155e-06
user_19288,1,27.0,1.399360660710994e-05
user_22863,5,19.0,3.65383667207843e-05
user_32861,1,7.0,0.0
user_27069,5,41.0,0.0004312445937069567
user_27689,1,6.0,0.0001334082818062581
user_29313,1,8.0,0.0
user_4409,5,103.0,0.0011381722292718981
user_17211,7,6.0,0.0
user_19336,1,31.0,0.00019611161245874106
user_5680,7,18.0,1.528087319761712e-06
user_7983,3,24.0,2.8429857118414758e-05
user_15667,1,10.0,8.871992821928995e-07
user_17787,1,7.0,0.0
user_15212,2,17.0,2.4308668756524166e-05
user_32458,6,13.0,7.055710839372533e-06
user_20516,1,47.0,0.00014491528904305237
user_27448,1,22.0,9.049024229927965e-05
user_6058,1,68.0,0.001700701469485995
user_21555,1,12.0,0.00024107619655811994
user_22560,1,18.0,2.484221242280959e-06
user_23722,3,8.0,4.205948438285612e-05
user_27476,2,33.0,0.0015140203084920189
user_28282,1,7.0,0.0
user_28519,2,24.0,0.00018498646679887234
user_31192,1,5.0,0.0
user_29884,1,11.0,8.348734549494237e-05
user_13005,6,20.0,0.0001837832760993842
user_17255,2,27.0,0.00028211819619904045
user_27284,6,10.0,0.00020545916808856717
user_31970,1,7.0,0.0
user_4577,3,19.0,0.00010068217624153295
user_540,1,4.0,0.0
user_6655,1,9.0,0.0
user_16160,5,11.0,4.473660706877744e-05
user_22332,2,21.0,0.00013089111867701527
user_24888,1,9.0,5.780990603924834e-06
user_15328,3,63.0,0.00010924392329759605
user_17524,1,7.0,0.0
user_23551,6,16.0,0.0
user_25805,1,8.0,0.0
user_7741,4,14.0,5.880109210631977e-05
user_15056,4,37.0,0.0003939827592392017
user_19593,1,5.0,0.0
user_23148,3,34.0,3.723159540595862e-05
user_475,1,55.0,0.0005815992762216118
user_11538,1,12.0,3.0677567068681837e-06
user_3721,6,5.0,0.002976036532783339
user_7215,1,11.0,1.565468977207389e-05
user_22831,0,23.0,0.0004151420857995099
user_33403,4,24.0,0.00021302887647629945
user_6789,3,37.0,8.894285251295548e-05
user_7143,1,9.0,0.0
user_9381,1,16.0,2.1489387858487217e-05
user_9620,1,6.0,0.0
user_28694,1,14.0,0.0
user_5392,1,7.0,0.0
user_6190,1,47.0,2.071705466947127e-05
user_11241,3,193.0,0.0015829814641382292
user_23196,1,17.0,8.680821707803159e-07
user_19239,2,17.0,5.859091171801891e-05
user_22318,1,18.0,2.0644621216307864e-05
user_28425,3,5.0,0.000518106469188239
user_3870,4,41.0,0.0007516738848687438
user_4545,1,9.0,0.0
user_11104,1,5.0,0.0
user_17817,1,15.0,0.0002625249906772645
user_392,1,15.0,0.0
user_4811,1,7.0,0.0
user_12157,1,12.0,0.0
user_19392,1,7.0,5.7233379324441695e-06
user_20302,1,9.0,0.0
user_9716,5,77.0,0.0002247507392229575
user_31744,1,10.0,2.852228361225047e-05
user_9999,0,16.0,8.0743103563566e-05
user_20224,1,8.0,0.0
user_23910,1,5.0,0.0
user_4729,6,41.0,0.00012100850513040158
user_9752,1,49.0,7.80878817292758e-05
user_29052,1,17.0,9.058440933355246e-05
user_31656,4,17.0,5.99208434604688e-06
user_4723,0,38.0,0.0006556884292521696
user_14533,5,8.0,0.0
user_17806,1,7.0,0.0
user_16169,1,8.0,0.0
user_16376,1,6.0,0.0
user_2213,3,6.0,7.398247038494373e-05
user_8552,7,27.0,5.6871900823875615e-05
user_23771,1,9.0,0.0
user_10836,1,24.0,0.0001471833852760227
user_2689,1,14.0,0.0002984549346069416
user_28326,1,9.0,1.0613880225629513e-06
user_28633,4,80.0,0.00022839663714322036
user_8007,1,11.0,1.5361884708858435e-06
user_8332,5,76.0,6.913196461082008e-05
user_10663,7,37.0,5.6253436335340856e-05
user_16307,1,13.0,6.828319401525262e-05
user_4486,1,48.0,0.0010087461521782195
user_11173,2,28.0,2.1764085111326275e-05
user_22915,1,6.0,0.0
user_32655,5,46.0,0.00023028479677562755
user_9896,4,15.0,6.325869135072916e-05
user_24354,5,64.0,9.566894454830045e-05
user_12545,0,41.0,0.00015673582677343354
user_16067,5,14.0,1.0474952525001506e-05
user_5741,1,7.0,0.0
user_8839,3,15.0,8.348734549494237e-05
user_26897,5,21.0,0.0001883858880309661
user_31837,1,14.0,3.6881993230222917e-06
user_34289,5,5.0,0.0
user_4147,5,13.0,0.0
user_4365,1,7.0,0.0
user_30491,1,6.0,0.0
user_32371,1,18.0,0.0
user_4458,1,37.0,0.0002222041519466887
user_14251,2,14.0,3.288341508491831e-05
user_16350,2,20.0,8.283995498327923e-05
user_1724,1,25.0,8.582004127444017e-05
user_17383,1,15.0,9.066760109401123e-05
user_23658,1,2.0,0.0
user_3209,4,30.0,0.0006849634775502368
user_15181,1,11.0,2.560739491599525e-07
user_4539,1,6.0,0.0
user_7440,1,11.0,0.0
user_16661,1,27.0,2.2640838147598685e-05
user_10189,1,21.0,1.9042738079673289e-06
user_10318,1,12.0,2.852228361225047e-05
user_19599,1,15.0,8.004926380624714e-06
user_24770,1,14.0,6.193444991985882e-05
user_25469,5,44.0,0.0003408166520788414
user_31574,1,13.0,8.353353875176074e-06
user_32426,1,4.0,0.0
user_33599,5,32.0,1.114284870486187e-05
user_6274,1,6.0,0.0
user_13272,5,28.0,8.91477556925101e-05
user_25999,1,14.0,2.391972540155239e-08
user_2804,1,4.0,0.0
user_1249,1,10.0,3.283056338597101e-05
user_12686,1,10.0,0.0
user_16136,1,21.0,8.032111834788655e-06
user_19898,5,19.0,5.30803473772681e-05
user_18176,1,16.0,0.00012619326515862545
user_22855,1,35.0,0.0009226104278793338
user_10244,2,23.0,0.00017338012187414616
user_17642,1,22.0,0.00011317931209011049
user_27292,1,18.0,0.0
user_28569,1,16.0,8.647900722099712e-08
user_32408,1,7.0,0.0
user_3389,5,22.0,0.00011371388773536695
user_4487,5,9.0,6.77534195240772e-05
user_704,1,8.0,0.0
user_7970,5,17.0,0.0001513898003905059
user_9742,0,32.0,0.00020655549433721084
user_15386,1,12.0,0.0
user_33067,3,8.0,5.246393104740494e-05
user_31352,1,12.0,2.1390068452155945e-05
user_4691,3,9.0,0.0
user_12908,6,16.0,3.1816710195414117e-05
user_10403,1,8.0,0.0
user_23427,1,22.0,1.8828134630678594e-06
user_25373,1,7.0,0.0
user_29819,3,34.0,0.00019160938432564764
user_31361,1,15.0,1.128040179861159e-05
user_3604,1,14.0,4.244759503019584e-05
user_4295,1,17.0,1.3537343793845082e-06
user_1197,4,13.0,2.7996463571792106e-05
user_17441,4,12.0,0.000505488860098824
user_21612,3,40.0,0.00011911321805385252
user_30229,1,12.0,0.0
user_17616,0,118.0,0.00022181304734926731
user_32624,3,9.0,4.408160615195157e-06
user_17536,1,28.0,0.0002468122068767242
user_2089,1,15.0,4.116559394777056e-05
user_2994,4,94.0,0.000654373103967176
user_3413,2,38.0,7.29687095781967e-05
user_5520,1,3.0,0.0
user_21312,1,25.0,6.973971241304813e-05
user_4521,1,19.0,0.0
user_28103,1,3.0,0.0
user_4490,1,8.0,0.0
user_5110,1,3.0,0.0
user_21184,1,33.0,1.8689243656925118e-05
user_27607,3,5.0,0.0017060193353469577
user_28510,5,17.0,0.0
user_4184,1,6.0,0.0
user_4856,1,13.0,1.988876635014624e-05
user_28446,1,3.0,0.0
user_32049,1,32.0,0.00014916893037649872
user_14049,5,13.0,8.114827200384922e-06
user_19237,4,95.0,0.0007510111819127492
user_30900,1,8.0,0.0
user_21938,1,16.0,0.0
user_25449,1,15.0,0.00018085403575888531
user_13403,1,18.0,1.2647554806070827e-05
user_24589,1,9.0,4.50462577093191e-07
user_27957,1,9.0,0.0
user_31238,1,19.0,6.694763505548295e-05
user_14248,1,2.0,0.0
user_21954,4,32.0,1.6992947918457686e-05
user_1901,5,8.0,0.0
user_20848,5,25.0,0.00034998513202234567
user_23000,1,10.0,4.298536906602188e-06
user_7747,1,6.0,0.0
user_9930,6,16.0,0.00021536052553787607
user_5077,1,7.0,0.0
user_11588,1,11.0,0.0
user_29418,5,11.0,8.762362985888271e-05
user_20884,5,10.0,1.4455578399332317e-05
user_21102,1,3.0,0.0
user_4693,2,17.0,1.7295801444199424e-07
user_14033,4,28.0,3.6784756128952574e-05
user_8678,3,20.0,9.83076547931745e-05
user_7114,1,4.0,0.0
user_7529,3,9.0,0.0
user_15235,5,10.0,0.0
user_15894,1,19.0,5.189668396319717e-05
user_754,3,33.0,0.00023429104428352772
user_17511,1,42.0,0.0003005341426338237
user_18067,5,14.0,0.0
user_18663,1,11.0,2.3245805820402318e-06
user_19073,1,8.0,0.0
user_13166,1,16.0,3.7475673669863305e-05
user_17557,5,16.0,0.0
user_24624,1,8.0,0.0
user_2852,7,11.0,0.00016414956572577318
user_17868,4,5.0,0.0015851159353316533
user_8521,1,13.0,2.9889818613166092e-05
user_32068,5,10.0,3.2413131792735e-05
user_13646,4,20.0,2.982441440327241e-05
user_26868,2,29.0,0.0001099208354033932
user_22474,5,20.0,3.7806380927103087e-06
user_14593,1,10.0,2.291766675331141e-05
user_21808,5,18.0,2.802286341607769e-05
user_21630,6,47.0,0.0003867590677157826
user_5002,1,5.0,0.0
user_25018,5,8.0,8.348734549494237e-05
user_28409,1,8.0,0.0
user_5756,5,13.0,8.556527319565501e-06
user_5493,1,5.0,6.429433743655218e-05
user_2356,1,17.0,5.004166168990951e-05
user_5071,3,77.0,0.0006329541803606652
user_5412,5,20.0,1.0029817715032058e-05
user_30241,1,9.0,0.0
user_9875,5,13.0,0.0
user_15921,7,9.0,5.2139936618580366e-05
user_19858,1,11.0,6.353798521456444e-05
user_28872,1,14.0,4.675195628474073e-07
user_11574,2,11.0,0.0
user_33990,1,7.0,9.368559115608041e-05
user_3026,1,6.0,6.29567172568859e-05
user_34141,1,4.0,0.0
user_4447,2,16.0,1.5340790688973262e-05
user_17076,1,10.0,4.205948438285612e-05
user_25542,1,10.0,1.2866154518768347e-06
user_29289,1,5.0,0.0
user_31772,3,12.0,0.00015338344153063802
user_4842,1,12.0,0.0
user_21482,1,28.0,0.00013422835372600843
user_27235,7,28.0,0.00021504686135045742
user_29895,0,36.0,0.00019704193453866847
user_7749,1,54.0,0.00039959487466479564
user_2430,5,9.0,2.482577890537955e-05
user_5382,3,19.0,3.10840957665869e-05
user_20150,1,11.0,6.375048683735563e-05
user_502,5,14.0,2.559030003129839e-05
user_8379,5,16.0,0.0
user_17449,7,6.0,0.0002034851039910062
user_10494,3,6.0,8.99381675098371e-06
user_12279,1,6.0,0.0
user_26931,1,10.0,1.750006574748767e-05
user_15092,0,5.0,0.00024752982324651796
user_16974,1,7.0,0.0
user_19246,1,14.0,0.00016348422314680624
user_21950,1,6.0,8.627401994462128e-05
user_28201,1,7.0,0.0
user_28246,5,8.0,2.8536681368958162e-05
user_22392,6,102.0,0.0013129272057649736
user_4144,4,75.0,0.0008191644049942471
user_14630,0,14.0,0.0
user_21070,1,8.0,0.0
user_14738,2,23.0,3.612938594538196e-06
user_34230,1,7.0,0.0
user_9740,1,12.0,3.997882433511633e-05
user_3298,3,20.0,0.00027453334888397773
user_2140,1,10.0,3.6881993230222917e-06
user_28406,1,11.0,1.5381528914553557e-05
user_17298,6,12.0,4.811435076126473e-06
user_2136,1,14.0,2.251091040591737e-07
user_26200,1,12.0,0.0
user_4016,1,12.0,6.287771260975746e-05
user_14580,1,14.0,0.0
user_17625,1,11.0,0.0
user_4665,1,20.0,3.370349236660272e-05
user_14237,1,13.0,0.00012319692197506238
user_6117,1,22.0,3.2022387725986914e-06
user_12494,5,5.0,0.0011623199839583959
user_16185,1,10.0,0.0
user_17456,1,3.0,0.0
user_7298,1,14.0,2.424803535804429e-07
user_19115,1,47.0,0.00010835434364773046
user_12785,3,12.0,5.9395782740005205e-06
user_781,3,13.0,3.5180848449126506e-05
user_18656,0,28.0,0.0003118584361868125
user_21817,0,21.0,5.665795368270101e-06
user_25235,1,9.0,0.0
user_30039,5,46.0,0.0002106938404063689
user_33213,1,2.0,0.0
user_23970,7,14.0,3.398225862463121e-05
user_17273,1,6.0,3.147835862844295e-05
user_20702,6,59.0,0.0002487013316025016
user_3297,4,17.0,0.00010786121155975873
user_7836,1,26.0,4.336884089151592e-06
user_9089,1,13.0,2.5818761216963062e-05
user_22364,1,7.0,0.0
user_26453,1,7.0,0.0
user_13273,7,6.0,0.0
user_8782,2,14.0,8.078674181349537e-06
user_13931,1,8.0,0.0
user_31558,7,9.0,7.190270066552354e-06
user_4109,1,9.0,0.0
user_9547,1,7.0,0.0
user_28525,1,18.0,6.900657561177852e-05
user_4658,1,16.0,4.546690104619813e-05
user_10673,1,13.0,7.979226901996582e-05
user_15748,1,3.0,0.0
user_5797,2,27.0,0.00011094776414141413
user_29035,0,8.0,6.287771260975746e-05
user_3997,5,13.0,0.0
user_16738,4,48.0,0.0002057523540531787
user_12553,1,8.0,0.0
user_26973,1,8.0,0.0
user_16766,1,32.0,3.0354540428753263e-06
user_18393,2,8.0,0.0
user_23189,1,28.0,0.00010530166657553209
user_10609,1,6.0,0.0
user_32373,1,16.0,4.330792638455284e-06
user_32554,1,7.0,1.259134345137717e-05
user_8698,1,16.0,5.281834589998613e-06
user_19133,1,29.0,0.00031563058594683105
user_22561,5,23.0,0.00012190611485773194
user_9396,6,12.0,2.3436180676405122e-05
user_21711,1,19.0,2.9867604455632462e-05
user_22354,1,4.0,0.0
user_32952,1,6.0,0.0
user_24408,1,15.0,0.0002263865710087591
user_26603,1,12.0,1.3205207134380826e-06
user_3618,1,4.0,0.0
user_30695,1,7.0,0.0
user_31075,2,38.0,9.718526185858848e-05
user_10886,4,6.0,0.00041456512653153247
user_30656,0,34.0,1.6216672970715133e-05
user_17325,1,4.0,0.0
user_16759,1,30.0,0.00012253142208389902
user_27615,1,2.0,0.0
user_28225,1,8.0,0.0
user_14884,1,6.0,0.0
user_4759,1,28.0,2.7148799660860598e-05
user_6676,1,6.0,0.0
user_28335,1,6.0,0.0
user_4730,0,23.0,6.2637021217573205e-06
user_2378,1,8.0,0.0
user_27336,1,16.0,4.205948438285612e-05
user_2849,1,6.0,0.0
user_12707,1,21.0,4.203139793468874e-05
user_17870,1,10.0,5.1805169661831286e-05
user_16415,1,20.0,1.914955951749355e-05
user_18410,1,6.0,0.0
user_19731,6,19.0,1.3462103260542356e-06
user_21560,3,18.0,0.0001049816893103732
user_31199,1,38.0,2.5517605504513323e-05
user_3607,1,20.0,3.5468599854574805e-05
user_3857,4,23.0,0.00010708534406920987
user_11191,1,5.0,0.0
user_20434,1,4.0,0.0
user_21113,1,15.0,3.479902953395817e-05
user_33348,0,64.0,0.0016449242004077699
user_3171,3,13.0,1.5695005514738315e-05
user_33319,1,12.0,0.0
user_21493,1,22.0,2.867559802635688e-05
user_21897,1,18.0,0.0
user_2770,1,3.0,0.0
user_4681,6,33.0,0.00030068871943863824
user_9209,1,9.0,0.0
user_9846,1,26.0,0.00034491555572586544
user_31110,1,9.0,0.0
user_17236,3,6.0,0.0
user_12235,1,7.0,0.0
user_4612,1,18.0,1.556513641502447e-05
user_24240,1,3.0,0.0
user_16668,4,16.0,1.613444295214031e-06
user_17198,4,12.0,3.9464322440783783e-05
user_28581,5,5.0,0.0
user_31193,1,37.0,8.304861425114853e-05
user_5417,0,11.0,5.350498032382139e-05
user_12605,1,13.0,0.0
user_228,1,29.0,2.0883187210062634e-05
user_1641,1,5.0,0.0
user_17761,1,11.0,5.9454189131131326e-05
user_25913,1,14.0,1.4827503448370084e-05
user_2653,0,19.0,1.5897599332475145e-05
user_4719,1,19.0,0.00023657126111549414
user_6390,1,23.0,0.0
user_9552,1,9.0,0.0
user_136,1,12.0,0.00011868894645876864
user_17243,1,23.0,0.00011141907963777249
user_29042,4,26.0,0.0002293989402728752
user_22868,4,45.0,0.00029794876674650947
user_2707,1,7.0,7.869589657110737e-06
user_27695,6,9.0,9.57340268289179e-06
user_9725,1,18.0,7.002937915568579e-05
user_16602,1,11.0,0.00013060083692461433
user_29322,1,21.0,0.00010845057403566639
user_11407,1,17.0,3.3726812816188874e-07
user_30667,5,33.0,0.00012234947556098534
user_9509,1,17.0,6.961607855377264e-05
user_14407,5,5.0,0.0
user_6637,1,11.0,0.0
user_10638,2,33.0,0.00013069793726274196
user_20310,1,13.0,0.0
user_8477,0,16.0,2.67382106748092e-05
user_18906,1,4.0,0.0
user_27343,1,21.0,4.861319235200549e-05
user_33613,0,19.0,0.00012723714388139818
user_17861,1,6.0,3.147835862844295e-05
user_20213,1,13.0,4.3538817063269e-05
user_7092,3,11.0,0.0
user_23870,3,80.0,7.613180255889383e-05
user_19767,1,11.0,0.0
user_31017,2,19.0,6.3787178324824275e-06
user_17064,1,4.0,0.0
user_23528,1,7.0,0.0
user_24971,1,15.0,1.1293685280498266e-05
user_11122,3,19.0,0.0002944171009174297
user_10718,1,4.0,0.0
user_33764,6,36.0,5.586314157905096e-05
user_350,1,11.0,0.0
user_10012,1,5.0,0.0
user_15855,1,11.0,1.254991722828969e-05
user_19180,0,36.0,0.00018098763628890516
user_21744,3,9.0,1.3209856205719462e-06
user_23579,0,33.0,0.0005009935321916791
user_19024,3,41.0,4.5310113748480244e-05
user_20694,1,26.0,0.0002511048566146333
user_22678,1,7.0,0.0
user_26227,2,15.0,1.154204011271218e-06
user_29272,6,18.0,9.993393239723418e-05
user_6042,0,23.0,0.00018599666192871945
user_31379,1,12.0,1.0461116229436521e-06
user_976,1,11.0,0.0
user_14613,2,85.0,0.00034460463159489805
user_17735,1,6.0,0.0
user_22992,3,15.0,0.00013105853245113776
user_10677,1,9.0,0.0
user_20778,2,20.0,0.0001713213093419722
user_32530,4,33.0,0.0011140431923611221
user_12551,0,35.0,0.00015560505490585947
user_1366,5,20.0,0.00019451537433200645
user_26741,1,2.0,0.0
user_18454,1,12.0,1.070147285922978e-05
user_19198,1,27.0,0.0004240719474441984
user_17380,1,2.0,0.0
user_4940,1,13.0,0.00014267075547139775
user_21507,6,15.0,0.00011475164357719452
user_29718,1,8.0,0.0
user_5035,1,5.0,0.0
user_33293,1,5.0,0.0
user_7361,5,64.0,0.00017522211040378745
user_3320,1,11.0,3.51693552021527e-05
user_1920,5,11.0,1.0002909329442557e-05
user_5265,1,4.0,0.0
user_23756,1,5.0,0.0
user_31170,1,8.0,0.0
user_4777,1,8.0,0.0
user_11690,1,19.0,6.611993386441481e-06
user_22667,4,22.0,8.929425987727628e-05
user_17418,3,23.0,5.3499327669625954e-05
user_15780,1,8.0,0.0
user_2822,1,12.0,3.366352460801839e-06
user_7234,1,9.0,0.0
user_19926,3,23.0,0.00027378424361246164
user_32366,6,45.0,0.0007347750082352714
user_7166,3,26.0,6.589726441298273e-05
user_15560,1,15.0,2.1068178874081703e-05
user_17438,1,18.0,4.204905987435634e-06
user_12845,5,16.0,0.00014134448263668816
user_33678,1,6.0,0.0
user_6490,1,6.0,0.00020258572231590804
user_25283,1,14.0,2.1338135711114954e-06
user_16757,1,2.0,0.0
user_211,1,3.0,0.0
user_25488,0,11.0,0.0
user_23799,1,15.0,0.0
user_5591,3,11.0,4.416576044953175e-05
user_15117,7,14.0,0.0
user_12888,1,13.0,0.0
user_25267,1,8.0,0.0
user_25524,4,9.0,2.8330522765598623e-05
user_5532,2,60.0,0.0006829093768994867
user_129,0,28.0,0.00019402185750055787
user_23310,1,5.0,0.0
user_13382,1,10.0,0.0
user_14321,4,33.0,6.258509197041098e-05
user_16866,1,2.0,0.0
user_15209,1,5.0,0.0
user_17757,1,9.0,0.0
user_32210,1,12.0,5.285890362649893e-06
user_30189,1,10.0,2.6254465300628697e-06
user_14018,1,5.0,0.0
user_22103,1,26.0,0.00018682542203923958
user_23085,3,21.0,0.00011466580225441852
user_28211,4,14.0,3.408632056608335e-05
user_25614,1,7.0,0.0
user_30192,1,8.0,0.0
user_18527,1,8.0,0.0
user_19764,0,26.0,2.857410530260446e-07
user_16202,1,11.0,8.301738209352473e-06
user_24181,1,13.0,8.301738209352473e-06
user_33857,3,17.0,0.0002521709451149256
user_7096,7,15.0,2.8849372405376974e-05
user_21546,5,39.0,0.00010616576169586958
user_4210,1,25.0,1.2916954402876787e-05
user_4005,5,17.0,5.608054021394406e-05
user_9880,1,7.0,0.0
user_6855,3,43.0,0.00027738845383219805
user_19495,1,7.0,0.0
user_13107,1,19.0,1.1242270938729624e-06
user_17312,5,11.0,0.00012717436766241288
user_22840,6,6.0,0.00013424372947022092
user_33423,1,10.0,0.00013358565865315288
user_15231,5,16.0,1.8068145325168318e-06
user_21495,5,32.0,4.1679218704035966e-05
user_28422,0,12.0,2.225271502732711e-05
user_29830,1,8.0,0.0
user_3898,6,11.0,2.263253640528663e-05
user_19532,1,27.0,0.0006899571503185001
user_25077,1,20.0,1.3516291555825548e-05
user_15346,4,20.0,0.00010738351787982859
user_4827,1,12.0,2.3895247995609854e-05
user_15852,1,8.0,0.0
user_16371,1,7.0,1.0492786209480983e-05
user_8981,1,14.0,0.0
user_3311,6,28.0,1.3264532383573546e-05
user_4105,1,19.0,1.296094974133953e-05
user_16752,1,12.0,1.8612750741205909e-06
user_5542,1,16.0,2.3235247402344197e-05
user_18898,4,19.0,5.495059384825606e-05
user_15825,4,9.0,0.0
user_15280,1,12.0,1.565468977207389e-05
user_10416,1,7.0,0.0
user_25909,1,9.0,0.0
user_12394,1,14.0,5.242719159989272e-07
user_1501,2,9.0,0.0
user_17063,1,15.0,3.10840957665869e-05
user_3264,1,9.0,0.0
user_15615,1,14.0,3.865849547048399e-06
user_17854,1,9.0,0.0
user_23776,1,5.0,0.0
user_3733,1,5.0,6.296675499879548e-05
user_29189,4,45.0,0.0001849867026606958
user_20991,2,14.0,7.049882799821698e-05
user_7073,4,14.0,0.0001257236030980827
user_8980,1,5.0,0.0
user_11042,1,24.0,1.5736503802230114e-05
user_1862,6,13.0,1.7453145938479563e-05
user_20486,1,19.0,7.547901088379307e-07
user_3598,1,6.0,0.0
user_8709,2,14.0,1.87062355317766e-05
user_28746,5,22.0,0.0
user_33784,5,11.0,0.000140756495681462
user_14283,6,11.0,5.281374502809768e-05
user_31201,3,9.0,6.613899738349592e-06
user_396,1,19.0,0.00020954808887867755
user_4360,1,8.0,0.0
user_5933,7,20.0,0.00014071137985952986
user_8195,1,7.0,0.0
user_17166,2,40.0,0.0002363213622101565
user_2417,2,36.0,0.00010162888089601868
user_2810,3,16.0,9.472961643367199e-05
user_27841,1,10.0,1.0140981414432756e-05
user_29996,7,20.0,2.76221074064495e-06
user_31047,1,11.0,3.3125364154364166e-05
user_8186,1,6.0,6.29567172568859e-05
user_5524,1,8.0,0.0
user_8296,1,16.0,9.363584755955171e-06
user_11922,3,12.0,5.1436060545478055e-05
user_17411,1,7.0,6.995190806320647e-06
user_28729,0,23.0,0.0007806576132070857
user_26084,1,11.0,0.0
user_3535,1,10.0,1.267391095849548e-05
user_16037,7,15.0,0.0
user_16671,1,11.0,1.8094033566208925e-05
user_25522,1,7.0,0.0
user_6769,1,6.0,7.869589657110737e-06
user_10098,1,7.0,0.0
user_10200,2,14.0,2.7611038921094138e-05
user_10270,3,20.0,4.168307422633858e-05
user_16250,3,14.0,6.053573637710285e-05
user_30708,1,15.0,2.3113420280258106e-06
user_9361,1,7.0,0.0
user_10269,1,15.0,1.2387268094545646e-05
user_2800,1,43.0,1.9981941971645214e-05
user_7028,1,10.0,2.1072847943354737e-05
user_24697,1,22.0,3.653525606364655e-05
user_27587,1,4.0,0.0
user_5428,1,5.0,0.0
user_12420,4,14.0,0.00015376269830097536
user_23045,0,108.0,0.0005167988078107277
user_4732,6,13.0,0.00011012962758624528
user_5150,1,2.0,0.0
user_15747,1,28.0,0.00019134845453259574
user_32003,4,15.0,3.931142062522758e-05
user_33786,2,11.0,7.650611047712181e-06
user_4652,1,4.0,0.0
user_27787,1,9.0,1.0868157262201598e-05
user_2861,1,4.0,0.0
user_29629,1,5.0,0.0
user_15141,6,17.0,3.424968684880313e-05
user_23677,1,10.0,0.0
user_26446,1,8.0,0.0
user_31918,1,16.0,2.9091569679539012e-05
user_33588,1,14.0,1.521927131398117e-05
user_15527,1,9.0,0.0
user_15724,1,10.0,0.0
user_29061,1,8.0,0.0
user_9891,2,7.0,0.0
user_23404,7,14.0,0.00021903168730204255
user_27657,7,8.0,2.852228361225047e-05
user_4594,1,8.0,0.001017741658549665
user_766,5,11.0,0.0
user_11934,7,14.0,0.0
user_17073,2,29.0,0.00021284486935463647
user_22165,2,57.0,0.0005749881392988775
user_4077,1,17.0,6.826884773021068e-06
user_9106,1,11.0,0.0
user_1756,1,31.0,5.691853706030586e-05
user_25810,1,9.0,0.0
user_27384,5,4.0,0.025900020348225722
user_14622,1,10.0,0.0
user_32029,6,18.0,1.571986429359927e-05
user_6964,1,9.0,0.0
user_28955,1,11.0,0.0
user_12058,1,15.0,5.8842764805559526e-06
user_18826,7,6.0,0.0
user_14803,7,8.0,0.0
user_7210,1,4.0,0.0
user_33598,5,8.0,0.00016788457935169572
user_3425,1,9.0,0.0
user_3272,1,8.0,0.0
user_15789,2,8.0,0.0
user_16998,2,10.0,0.0
user_29424,1,13.0,1.8179564451023827e-05
user_32992,1,9.0,0.0
user_975,1,10.0,0.0
user_11160,1,16.0,5.2139936618580366e-05
user_19113,1,9.0,1.4915926219048367e-05
user_32480,1,18.0,3.14880008870878e-07
user_27428,5,13.0,0.00010478266163722793
user_17007,1,3.0,0.0
user_28860,1,12.0,0.0
user_31439,1,8.0,0.0
user_33189,5,9.0,5.705456073320082e-05
user_3465,1,26.0,3.7840246801130656e-05
user_28767,3,8.0,0.0
user_23701,1,7.0,0.0
user_1373,1,16.0,6.613899738349592e-06
user_15051,1,10.0,0.0
user_20460,3,12.0,0.00019713456745497744
user_2284,5,24.0,0.00013029358854205238
user_25553,1,11.0,0.0
user_5782,5,18.0,0.0
user_33475,4,9.0,2.911023625746765e-05
user_20246,3,21.0,1.1226780187769365e-05
user_7510,1,9.0,0.0
user_9677,1,10.0,3.6368129144068906e-06
user_15038,2,25.0,0.00011507964723737033
user_2310,1,11.0,5.2139936618580366e-05
user_102,0,24.0,5.3447095427258873e-05
user_19000,5,17.0,0.00020733564156728
user_16898,1,21.0,0.00013708283741787396
user_18342,1,10.0,7.504659593649569e-06
user_9449,1,21.0,1.4539091080010336e-06
user_9727,6,19.0,3.1543183666162787e-06
user_1406,3,12.0,2.6933857324135503e-05
user_13783,1,7.0,0.0
user_14108,1,11.0,1.4187233325094785e-05
user_2896,1,14.0,0.0005055832907744567
user_4810,1,11.0,0.00023179491640691797
user_31689,1,14.0,4.65111695402323e-05
user_31700,1,10.0,0.0
user_221,1,14.0,1.96958154567765e-05
user_30888,1,24.0,0.00043765931156113124
user_5491,1,3.0,0.0
user_3619,1,17.0,6.964505348094236e-06
user_17114,1,11.0,0.0
user_19769,1,7.0,6.245706077072034e-05
user_19970,1,6.0,0.0
user_5107,1,4.0,0.0
user_13662,1,5.0,0.0
user_21299,1,8.0,0.0
user_31225,7,12.0,0.0
user_26167,1,11.0,2.7251276483031918e-05
user_12222,4,8.0,0.0004258111419131748
user_5659,4,23.0,2.984136810006106e-05
user_29605,1,13.0,9.364660993226673e-05
user_23542,1,10.0,2.7251276483031918e-05
user_16022,1,8.0,0.0
user_2190,2,17.0,8.946871958629475e-06
user_32250,5,20.0,1.0167461982129068e-05
user_27765,1,8.0,0.0
user_16466,1,9.0,0.0
user_31742,1,9.0,0.0
user_5486,5,22.0,0.0001677702849281883
user_13756,2,13.0,0.0
user_25467,2,22.0,2.7251276483031918e-05
user_7315,0,17.0,5.922998989125957e-05
user_16878,1,5.0,0.0
user_5245,1,5.0,0.0
user_11235,7,13.0,1.4458604987055352e-05
user_27756,1,5.0,0.0
user_21440,1,5.0,0.0
user_33852,1,13.0,2.6785899810996592e-05
user_21099,1,3.0,0.0
user_30848,0,47.0,0.00016024311339987498
user_5074,1,8.0,0.0
user_9541,1,8.0,0.0
user_19516,1,7.0,0.0
user_22741,3,39.0,6.740330035357168e-05
user_33969,2,9.0,3.049604962486126e-06
user_684,1,5.0,0.0003156686920599227
user_28232,1,8.0,0.0
user_15395,1,7.0,0.0
user_15266,1,16.0,1.1590919478067516e-05
user_15330,1,8.0,0.0
user_2623,2,24.0,9.579998511665283e-05
user_13014,1,8.0,0.0
user_13619,1,3.0,0.0
user_4754,1,6.0,0.0001259134345137718
user_1013,1,11.0,8.078674181349537e-06
user_19993,6,43.0,0.0005353766990603569
user_30379,4,62.0,0.0012002649103429013
user_33801,3,19.0,4.600570112028068e-05
user_24650,1,4.0,0.0
user_25447,1,31.0,0.0004429123038174406
user_26776,1,7.0,0.0
user_9496,2,13.0,1.411579464620963e-06
user_20469,1,16.0,9.368578850915062e-06
user_33081,1,6.0,0.0
user_6534,3,20.0,0.00011812663048040772
user_317,1,3.0,0.0
user_4166,0,30.0,0.00018717375365124182
user_7714,1,16.0,7.999967835876042e-05
user_24655,1,2.0,0.0
user_4393,1,21.0,7.305553855296924e-05
user_18097,1,17.0,4.778831606329823e-05
user_23201,1,7.0,1.259134345137717e-05
user_21634,1,9.0,6.287771260975746e-05
user_21812,1,11.0,5.85293487016336e-07
user_8129,7,6.0,2.0985572418961965e-05
user_3022,1,7.0,0.0
user_33729,0,24.0,0.00021206384274132016
user_23973,1,4.0,0.0
user_33945,1,5.0,0.0
user_19700,1,20.0,0.0001747700993924689
user_5496,1,4.0,0.0
user_2642,7,12.0,0.00016414956572577318
user_33789,1,5.0,0.0
user_16365,1,14.0,7.908107087136879e-06
user_3872,1,10.0,2.852228361225047e-05
user_27365,2,12.0,7.857964917625257e-06
user_30653,3,30.0,8.431703204047219e-06
user_33930,1,7.0,1.259134345137717e-05
user_5313,6,21.0,4.4990862072891575e-05
user_13422,1,6.0,0.0
user_25770,1,8.0,5.9880426445443976e-05
user_23223,1,25.0,0.0001677144668190039
user_224,1,8.0,0.0
user_23924,1,6.0,0.0
user_3628,1,7.0,5.246393104740491e-06
user_17409,1,6.0,6.29567172568859e-05
user_12227,5,17.0,1.6156462152644e-05
user_29321,1,14.0,0.00010815559318087505
user_2167,1,12.0,3.0626167356345767e-06
user_9806,1,11.0,0.0
user_13582,1,13.0,6.683955200967402e-07
user_16777,1,4.0,0.0
user_19963,0,5.0,0.0013233199752592652
user_12749,1,5.0,0.0
user_18418,1,3.0,0.0
user_19013,5,11.0,8.435465775663978e-05
user_21772,1,6.0,2.0985572418961965e-05
user_27411,0,28.0,0.0001692207032672491
user_11370,1,6.0,0.0
user_48,1,14.0,0.0
user_7282,1,12.0,3.270542457820874e-06
user_17326,6,9.0,5.246393104740491e-06
user_2112,7,25.0,0.00016927592685982634
user_23642,1,8.0,0.0
user_3529,1,6.0,0.0
user_3474,1,5.0,0.0
user_4186,4,22.0,5.312146693632269e-06
user_13015,1,8.0,0.0
user_13380,1,6.0,0.0
user_14517,0,15.0,0.00021641918522151754
user_15608,1,5.0,0.0
user_10561,0,14.0,4.644249495793712e-06
user_26844,5,16.0,0.0
user_10101,1,7.0,0.0
user_11510,1,9.0,0.0
user_919,1,13.0,0.0
user_19846,4,17.0,2.125356768584612e-06
user_2152,1,9.0,0.0
user_34050,1,24.0,7.981230985982889e-05
user_491,7,27.0,5.5422200365001384e-05
user_12400,0,9.0,2.6448749302663154e-06
user_12672,3,36.0,0.0003399161091103761
user_24828,1,8.0,0.0
user_26500,5,5.0,0.0
user_2853,1,3.0,0.0
user_31390,1,18.0,1.6117951166637452e-07
user_8721,1,5.0,0.0
user_10329,1,12.0,3.443602997766914e-05
user_27358,1,9.0,2.207820332210965e-06
user_9633,4,16.0,0.0001515397200778051
user_10723,1,10.0,0.0
user_10932,0,13.0,6.353798521456444e-05
user_14847,1,13.0,5.086941800519503e-05
user_17840,4,14.0,4.092774385175733e-06
user_2171,2,13.0,2.017843501823266e-07
user_25307,1,10.0,0.0
user_11490,1,13.0,1.4989694584972832e-06
user_17501,1,8.0,0.0
user_5907,0,27.0,0.00030247588710752765
user_21356,5,34.0,0.0005463163703539435
user_1105,1,13.0,3.4736467347292404e-05
user_28301,1,2.0,0.0
user_17385,1,3.0,0.0
user_222,3,6.0,3.357691587033919e-05
user_11805,1,3.0,0.0
user_12448,6,6.0,0.0
user_11170,1,16.0,2.956793235866632e-05
user_16432,4,44.0,0.0002760838296962688
user_15170,1,6.0,0.0
user_32613,1,13.0,1.2310443606624422e-05
user_3381,1,9.0,0.0
user_3905,1,12.0,5.4135315381836114e-05
user_6625,1,2.0,0.0
user_4480,1,6.0,0.0
user_13530,7,22.0,5.008148251333353e-06
user_30447,1,5.0,0.0
user_14872,1,10.0,4.107145464290999e-07
user_3436,0,24.0,0.00015786159151993226
user_30562,1,4.0,0.0
user_2929,1,15.0,7.0189573184550596e-06
user_8549,1,13.0,0.0
user_21247,1,11.0,0.00010045447500630252
user_22244,1,12.0,1.5307078544670114e-05
user_20837,1,9.0,0.0
user_31580,3,70.0,0.0007785614654756057
user_14311,1,7.0,0.0
user_8590,1,18.0,0.00015651230898865384
user_8638,1,4.0,0.0
user_7441,1,12.0,2.446160975671196e-05
user_20309,1,23.0,0.00017415871625605303
user_29726,1,6.0,1.5739179314221474e-05
user_12963,6,26.0,9.531741961801456e-06
user_2710,6,13.0,0.00014068459865457068
user_22681,1,9.0,0.0
user_3053,1,32.0,0.00010711361849978186
user_32177,1,2.0,0.0
user_17847,4,11.0,0.0
user_4162,1,4.0,0.0
user_25564,1,26.0,7.721434247608857e-06
user_13184,1,15.0,0.00011603982170211152
user_23577,1,5.0,0.0
user_27983,1,8.0,0.0
user_11133,1,9.0,0.0
user_5580,1,26.0,0.00017040162299674207
user_12701,1,14.0,5.366651165662554e-05
user_14440,0,26.0,0.00032112566772201333
user_14309,1,4.0,0.0
user_23869,1,5.0,0.0
user_27323,2,20.0,7.002573769412553e-05
user_10933,3,16.0,8.116271697773338e-05
user_12270,1,3.0,0.0
user_863,4,17.0,5.973260000979043e-06
user_9399,3,11.0,0.00015338344153063802
user_29823,2,36.0,0.0002574680491524822
user_15058,1,7.0,0.0
user_28082,1,4.0,0.0
user_1134,1,33.0,0.0002696382566002938
user_11657,1,5.0,0.0
user_4038,1,8.0,0.0
user_28044,1,2.0,0.0
user_31991,1,17.0,8.995716748632564e-06
user_16910,2,21.0,5.0109236745470576e-05
user_30598,6,18.0,8.645759953977295e-05
user_9239,1,4.0,0.0
user_184,4,11.0,7.60619880108404e-05
user_9796,2,13.0,1.0877544582036032e-06
user_7519,1,8.0,0.0
user_28305,7,21.0,0.00014984287328861787
user_15160,1,19.0,1.5996129980667035e-05
user_17609,1,5.0,0.0
user_10881,1,3.0,0.0
user_17068,1,11.0,0.0
user_33765,3,5.0,0.0017003326042291345
user_25835,5,16.0,2.9465550219206416e-05
user_1119,1,7.0,0.0
user_24568,1,6.0,0.0
user_5228,1,3.0,0.0
user_15318,1,8.0,0.0
user_13211,1,7.0,0.0
user_20970,1,3.0,0.0
user_14077,5,20.0,0.00012353160823131348
user_27682,1,7.0,0.0
user_23778,5,17.0,2.1769282116812473e-05
user_8389,1,7.0,0.0
user_31722,3,14.0,3.988329452073129e-06
user_12530,1,4.0,0.0
user_22918,1,5.0,0.0
user_26018,1,9.0,0.0
user_12500,1,16.0,4.224865611213938e-05
user_5334,1,7.0,0.0
user_17311,3,14.0,6.403105727259133e-05
user_27316,1,10.0,2.359473055704069e-05
user_13692,4,11.0,3.2306771293779162e-06
user_19590,4,22.0,7.709324489047375e-05
user_21017,1,4.0,0.0
user_30201,1,30.0,4.810876997715065e-05
user_19154,1,12.0,2.1080553062917225e-05
user_7045,1,5.0,0.0
user_29979,1,10.0,3.212077411065607e-08
user_4900,1,11.0,2.57001595076234e-06
user_21986,1,21.0,0.00012926702989090761
user_26114,1,11.0,6.287771260975746e-05
user_28421,3,8.0,8.284285172298814e-05
user_33360,1,7.0,0.0
user_11782,1,10.0,0.0
user_12197,1,7.0,0.0
user_10056,1,8.0,0.0
user_30312,1,11.0,7.1285442652370544e-06
user_8404,1,8.0,0.0
user_12364,1,10.0,0.0
user_31430,1,6.0,0.0
user_3232,1,5.0,0.0
user_18156,1,14.0,2.9631692597024896e-05
user_5489,1,8.0,0.0
user_18412,1,10.0,6.353798521456444e-05
user_5083,1,11.0,1.9467135824640041e-07
user_8327,1,54.0,0.00025782644312895883
user_30334,3,18.0,7.376141384074982e-05
user_4635,1,5.0,0.0
user_17234,1,2.0,0.0
user_15754,5,31.0,0.0002802302720789881
user_23582,7,9.0,2.602749197902447e-05
user_29211,1,9.0,8.99381675098371e-06
user_30735,1,7.0,0.0
user_12968,4,9.0,1.0550522878660634e-07
user_13392,1,5.0,0.0
user_21219,1,8.0,0.0
user_33199,1,7.0,0.0
user_4319,1,10.0,9.769414629012448e-06
user_15345,6,8.0,0.00010964961588907614
user_1586,4,21.0,4.171550801489431e-05
user_7769,1,14.0,4.396019221073101e-06
user_6898,1,10.0,7.821035085388003e-06
user_18692,3,7.0,0.0017104735856435672
user_32795,1,17.0,7.645664080659639e-05
user_19911,1,4.0,0.0
user_26608,1,9.0,0.0
user_7878,1,10.0,0.0
user_7980,1,6.0,0.0
user_15459,1,6.0,0.0
user_25946,1,8.0,0.0
user_29236,2,46.0,0.0003642419557003377
user_18066,1,7.0,1.0492786209480983e-05
user_22564,2,11.0,0.0
user_20205,0,22.0,0.0002048893171416378
user_27940,1,12.0,0.0
user_31029,1,8.0,0.0
user_27332,1,5.0,0.0
user_2184,1,10.0,0.0002645734603857504
user_27506,1,4.0,0.0
user_2954,1,13.0,2.852228361225047e-05
user_12794,1,7.0,0.0
user_25463,1,6.0,0.0
user_5345,1,6.0,0.0
user_13898,1,7.0,0.0
user_6409,1,7.0,0.0
user_17610,1,6.0,0.0
user_18866,1,2.0,0.0
user_19079,1,16.0,0.0002263839759434408
user_21270,1,6.0,0.0
user_23064,6,5.0,0.0029661164110073948
user_23959,7,6.0,0.0
user_28102,1,3.0,0.0
user_28522,1,6.0,0.0
user_33869,1,4.0,0.00016863406408094435
user_564,7,4.0,0.016546377334823063
user_6448,3,11.0,0.0
user_7536,1,2.0,0.0
user_12615,1,5.0,0.0
user_30103,1,10.0,1.1081667068176345e-06
user_25255,1,7.0,0.0
user_3765,3,9.0,2.157142305623805e-06
user_28258,1,2.0,0.0
user_4748,1,8.0,0.0
user_13228,3,7.0,0.000515890892086862
user_18979,1,9.0,0.0
user_4909,1,20.0,0.00013251529346555203
user_9705,1,12.0,0.0
user_9941,1,8.0,0.0
user_29435,4,11.0,0.0
user_28106,1,5.0,0.0
user_25350,4,15.0,2.4237134291447715e-05
user_22184,1,15.0,1.4159479813126228e-05
user_18459,2,14.0,0.0
user_758,1,5.0,0.0
user_16979,3,9.0,4.220015155470514e-05
user_5732,1,4.0,0.0
user_15063,1,20.0,1.98864498298945e-05
user_21723,1,17.0,0.0
user_12465,2,12.0,8.111845082002807e-06
user_2711,4,38.0,0.00013743186280854667
user_5335,1,9.0,0.0
user_27692,1,4.0,0.0
user_5500,1,3.0,0.0
user_5608,1,3.0,0.0
user_28393,1,18.0,8.430097871242002e-05
user_27229,5,5.0,0.0
user_19551,1,4.0,0.0
user_16826,1,19.0,8.13414442394713e-06
user_26471,1,10.0,1.3786508397550263e-07
user_2720,1,12.0,1.407365769366894e-06
user_17275,1,2.0,0.0
user_17637,1,9.0,0.0
user_15302,1,13.0,2.9665043207512046e-06
user_2792,5,13.0,5.5460884892976115e-05
user_12596,1,8.0,0.0
user_28427,6,6.0,0.0
user_18537,6,15.0,0.00018255304156200686
user_30005,3,12.0,7.453859326633422e-06
user_12277,1,18.0,0.00010263038517037289
user_777,1,8.0,0.0
user_8024,0,26.0,0.00022661027543485055
user_19218,3,12.0,0.0
user_5781,4,23.0,5.42477094837555e-06
user_5701,0,8.0,6.287771260975746e-05
user_18036,3,5.0,0.0020224320711699924
user_2457,5,11.0,0.0
user_26373,1,13.0,7.6717346926737e-05
user_4575,1,5.0,0.0
user_5482,5,5.0,0.0
user_2001,1,20.0,8.041045449058319e-05
user_5901,1,17.0,0.00026637839976577696
user_23740,1,6.0,0.0
user_30668,1,3.0,0.0
user_17382,1,6.0,0.0
user_33325,1,19.0,2.5533576809209447e-05
user_13590,5,13.0,0.00021647828870177728
user_19415,1,8.0,0.0
user_17726,1,5.0,0.0
user_3792,1,4.0,0.0
user_14410,2,4.0,0.012318716028300668
user_10650,1,13.0,0.0
user_18018,1,10.0,4.253366667771453e-05
user_13549,1,9.0,0.0
user_26832,1,15.0,4.9900152150081556e-06
user_8058,1,7.0,0.0
user_28895,0,10.0,7.617399763601532e-05
user_28407,1,16.0,4.537431182746062e-05
user_31855,5,22.0,0.0004279188893956226
user_5324,1,2.0,0.0
user_28472,1,6.0,0.0
user_26008,3,9.0,2.7836611652839565e-05
user_12953,1,16.0,0.00018178946019032315
user_3996,1,16.0,0.0
user_8636,1,5.0,0.0
user_17330,6,12.0,6.267615515797036e-05
user_21512,1,8.0,0.0
user_28439,1,4.0,0.0
user_13084,1,10.0,1.491449544825892e-06
user_9814,1,4.0,0.0
user_11213,1,17.0,7.696925064244941e-05
user_12541,3,8.0,6.87962432944743e-05
user_16949,1,7.0,0.0
user_11085,1,15.0,4.434897436583778e-05
user_10917,5,11.0,0.0
user_16917,1,4.0,0.0
user_27644,1,4.0,0.0
user_28843,2,17.0,2.032247033661149e-05
user_17595,1,6.0,0.0
user_1767,1,5.0,0.0
user_6761,1,4.0,0.0
user_29394,1,4.0,0.0
user_31161,1,13.0,0.0
user_12450,1,11.0,3.6135870874488075e-07
user_19440,1,10.0,0.0
user_19956,1,7.0,0.0
user_21449,1,13.0,2.8664722703875138e-06
user_10951,5,13.0,2.7836611652839565e-05
user_12395,1,8.0,0.0
user_28411,1,3.0,0.0
user_32306,1,5.0,0.0
user_22938,1,5.0,0.0
user_1845,1,10.0,5.2139936618580366e-05
user_19636,1,6.0,0.0
user_12618,4,20.0,6.254065037860199e-05
user_9218,1,5.0,0.0
user_13397,1,3.0,0.0
user_9974,1,10.0,0.0
user_27099,1,10.0,8.348734549494237e-05
user_22803,1,8.0,0.0
user_6184,1,24.0,1.747481914041649e-05
user_544,2,14.0,7.12031884703984e-05
user_25476,1,16.0,0.0001403845679446369
user_33165,2,5.0,0.0
user_12017,1,26.0,9.107331876603629e-05
user_8609,2,5.0,0.0
user_2146,2,15.0,0.0001230507066419475
user_12293,5,6.0,0.03830222372202132
user_5717,2,9.0,0.002417692048499837
user_16969,1,3.0,0.0
user_22630,5,11.0,0.0
user_5386,1,5.0,0.0
user_9232,1,9.0,0.0
user_18493,1,5.0,0.0
user_27386,3,6.0,0.0
user_28388,1,5.0,0.0
user_30519,1,9.0,0.0
user_3855,4,11.0,0.0
user_32448,1,16.0,0.00013780323380401972
user_33977,1,6.0,0.00014644494738343247
user_20871,1,3.0,0.0
user_19948,4,5.0,0.0002640144441156248
user_21131,1,3.0,0.0
user_18661,1,16.0,2.7841072871466043e-05
user_10867,3,9.0,1.0278532993864856e-05
user_30766,4,14.0,1.3464202385034784e-07
user_20976,1,7.0,0.0
user_24863,1,8.0,0.0
user_27634,1,8.0,0.0
user_12225,4,7.0,0.0014001720815428015
user_27749,5,11.0,0.0
user_20103,1,12.0,2.5993038305934207e-05
user_11975,1,11.0,5.0109236745470576e-05
user_3942,0,8.0,4.148315193350409e-05
user_10289,1,7.0,0.0
user_4653,1,4.0,0.0
user_33118,1,7.0,0.0
user_20290,1,2.0,0.0
user_26392,1,4.0,0.0
user_16230,1,12.0,3.991820840563417e-07
user_24976,1,6.0,0.0
user_14131,1,7.0,6.29567172568859e-05
user_336,1,8.0,0.0
user_34328,5,20.0,0.0002595336972823621
user_22339,1,4.0,0.0
user_28036,7,6.0,0.0
user_14399,1,13.0,0.00011682755407910618
user_14935,1,8.0,0.0
user_18012,1,19.0,1.4215460782953992e-05
user_5982,4,9.0,0.0
user_13667,1,7.0,0.0
user_14520,1,5.0,0.0
user_14467,1,3.0,0.0
user_4060,1,16.0,8.923192228419884e-06
user_28806,1,6.0,0.0
user_27878,5,14.0,7.53961384185412e-05
user_4949,5,8.0,2.0985572418961965e-05
user_17738,1,11.0,0.0
user_9273,1,14.0,1.15112150640963e-05
user_3337,1,12.0,2.562663009980126e-05
user_10017,1,7.0,0.0
user_20767,1,6.0,0.0
user_17365,1,14.0,9.971207342063827e-05
user_33983,0,18.0,2.5853127516897e-05
user_2727,1,4.0,0.0
user_4164,6,14.0,0.0
user_7823,7,12.0,4.875002524110544e-05
user_29831,1,10.0,0.0
user_7129,2,14.0,9.533462025754573e-05
user_17765,1,13.0,9.250956701823483e-07
user_19621,0,9.0,0.0
user_19895,1,3.0,0.0
user_18658,7,14.0,0.0
user_28436,1,4.0,0.0
user_10242,1,7.0,0.0
user_4527,1,5.0,6.319478671897042e-05
user_5495,1,8.0,0.0
user_24574,1,5.0,0.0
user_16990,1,7.0,0.0
user_8906,1,10.0,0.0
user_23532,2,19.0,5.104837926593785e-05
user_18248,1,8.0,0.0
user_19345,1,4.0,0.0
user_25679,1,4.0,0.0
user_17893,2,8.0,0.0
user_28398,1,16.0,2.6297397374216288e-05
user_32651,1,3.0,0.0
user_12328,1,4.0,0.0
user_15217,1,8.0,0.0
user_1833,1,7.0,0.0
user_28648,1,10.0,0.0
user_5232,1,11.0,5.520031095475209e-05
user_22027,1,9.0,2.4053775529323596e-05
user_31300,4,24.0,0.00016325430312826754
user_16902,6,12.0,8.348734549494237e-05
user_20178,1,13.0,2.2552410317555656e-05
user_19164,1,7.0,7.869589657110737e-06
user_5443,3,7.0,7.869589657110737e-06
user_29288,5,10.0,7.869589657110737e-06
user_31022,1,10.0,0.0
user_34249,1,27.0,0.00026412278594480754
user_32863,2,16.0,7.843179242841975e-06
user_13776,1,12.0,0.0
user_33937,1,12.0,0.0
user_21169,1,5.0,0.0
user_5497,2,5.0,9.285093770759885e-05
user_2073,1,20.0,0.0004718254752835108
user_29103,1,5.0,0.0
user_25708,6,6.0,0.0
user_29900,1,9.0,0.0
user_27850,1,4.0,0.0
user_7849,1,8.0,0.0
user_5785,1,13.0,2.123711406461078e-05
user_31969,1,9.0,0.0
user_16588,2,23.0,0.00014677037614541194
user_24386,1,8.0,0.0
user_28790,5,10.0,0.00015672925720636518
user_5161,1,3.0,0.0
user_3571,1,7.0,0.0
user_6978,5,16.0,9.833239515536056e-05
user_27758,1,8.0,0.0
user_2791,1,10.0,5.397792977129041e-05
user_25646,1,14.0,9.322728697879638e-07
user_2722,5,21.0,8.442185335635056e-06
user_27562,1,5.0,0.0
user_6612,1,8.0,0.0
user_7391,1,4.0,0.0
user_32047,1,9.0,0.0
user_16716,1,4.0,0.0
user_19633,1,8.0,0.0
user_33173,1,6.0,0.0
user_10605,2,11.0,0.0
user_11854,1,7.0,0.0
user_25360,1,10.0,8.348734549494237e-05
user_28383,1,7.0,0.0
user_30453,1,3.0,0.0
user_5507,1,8.0,0.0
user_24873,1,6.0,0.0
user_18296,1,11.0,0.0
user_17062,1,4.0,0.0
user_4717,1,4.0,0.0
user_11955,1,13.0,5.358453760185554e-06
user_642,1,3.0,0.0
user_28095,1,5.0,8.03260258572232e-05
user_32300,6,8.0,4.0276096000075496e-05
user_4632,1,2.0,0.0
user_8830,3,9.0,2.2960916625254153e-06
user_5879,1,9.0,0.0
user_5155,7,5.0,0.0
user_32220,6,12.0,1.5739179314221474e-05
user_28415,1,2.0,0.0
user_12772,7,6.0,0.0
user_6412,1,11.0,0.0
user_19799,6,30.0,4.342855782262233e-05
user_30671,6,15.0,0.00011724356897157895
user_4154,1,10.0,0.00026625445006557997
user_9180,1,9.0,0.0
user_10970,1,7.0,0.0
user_25072,1,4.0,0.0
user_5366,1,4.0,0.0
user_32237,1,9.0,0.0
user_19541,4,14.0,7.178064406195111e-06
user_20518,1,2.0,0.0
user_304,3,20.0,1.963011825882866e-05
user_4967,5,7.0,0.0
user_2362,1,4.0,0.0
user_3919,1,10.0,1.1906043682806395e-05
user_24750,4,13.0,6.286537479623813e-05
user_5202,2,11.0,0.0
user_18786,1,16.0,0.0001317986569818676
user_14654,6,12.0,7.544286530404996e-06
user_5604,3,9.0,0.0
user_21120,1,7.0,0.0
user_2809,1,3.0,0.0
user_57,1,4.0,0.0
user_28451,1,7.0,0.0
user_28241,1,7.0,0.0
user_3615,1,13.0,0.0
user_2815,1,3.0,0.0
user_11730,1,6.0,0.0
user_3138,1,12.0,1.1579057317734965e-05
user_22998,1,7.0,0.0
user_4149,1,10.0,9.934209277365116e-06
user_5137,7,5.0,0.0
user_1679,1,3.0,0.0
user_5640,1,3.0,0.0
user_17012,1,2.0,0.0
user_14905,6,9.0,7.650611047712181e-06
user_26221,1,5.0,0.0
user_28017,1,3.0,0.0
user_27136,1,9.0,0.0
user_25166,1,11.0,0.0005836618626787502
user_6142,1,6.0,0.0
user_7538,1,11.0,0.0
user_31031,1,6.0,0.0
user_10312,2,11.0,2.562663009980126e-05
user_29475,1,8.0,0.0
user_33708,4,9.0,3.704430582975428e-06
user_11993,0,19.0,0.00023302768301840926
user_27556,7,6.0,0.0
user_12695,1,7.0,0.0
user_33143,1,3.0,0.0
user_12296,5,15.0,6.555309182901397e-05
user_11118,1,18.0,7.981746542633625e-05
user_28256,3,7.0,0.0
user_16943,2,10.0,0.0
user_5792,1,7.0,0.0
user_3614,1,5.0,0.0
user_12536,5,5.0,0.0
user_27363,1,3.0,0.0
user_17305,1,4.0,0.0
user_5969,1,7.0,0.0
user_12306,3,9.0,5.0109236745470576e-05
user_6145,1,4.0,0.0
user_8689,1,9.0,1.668270676427094e-06
user_1617,1,3.0,0.0
user_18950,1,15.0,0.00011787148328049403
user_17060,1,9.0,0.0
user_3518,1,5.0,0.0
user_27449,3,9.0,2.1911977215295385e-05
user_4798,1,15.0,1.401156081225485e-06
user_10469,1,5.0,0.0
user_4874,1,14.0,0.0
user_20487,1,13.0,7.781748151136971e-06
user_31020,3,16.0,3.062731717091192e-05
user_17084,1,2.0,0.0
user_22835,5,13.0,0.0
user_2667,1,5.0,0.0
user_27843,1,2.0,0.0
user_13741,1,3.0,0.0
user_12457,4,9.0,5.520031095475209e-05
user_16986,1,3.0,0.0
user_15689,1,5.0,0.0
user_21534,1,8.0,0.0
user_4831,1,2.0,0.0
user_13975,1,10.0,0.0
user_17706,1,7.0,0.0
user_26637,1,4.0,0.0
user_4750,5,8.0,3.9260106779579916e-05
user_27482,1,2.0,0.0
user_6444,1,3.0,0.0
user_6579,1,2.0,0.0
user_19458,1,8.0,0.0
user_22936,1,7.0,0.0
user_12565,1,2.0,0.0
user_26975,7,5.0,0.0
user_8846,1,4.0,0.0
user_19456,1,4.0,0.0
user_14754,1,11.0,1.141331441116421e-06
user_5733,3,6.0,3.147835862844295e-05
user_6836,1,7.0,0.0
user_12723,2,4.0,0.012318716028300668
user_8806,1,8.0,0.0
user_19436,3,11.0,8.385579355892608e-05
user_1102,1,11.0,1.151769621458619e-06
user_20673,1,4.0,0.0
user_21530,1,8.0,0.0
user_2580,1,6.0,5.6661045531197246e-05
user_25870,1,7.0,0.0
user_17852,1,4.0,0.0
user_20568,1,9.0,1.2816188870151763e-05
user_28397,1,3.0,0.0
user_10140,1,10.0,4.237795065125625e-05
user_2801,1,6.0,0.0
user_16920,1,3.0,0.0
user_16959,1,3.0,0.0
user_22687,1,9.0,5.621934181516222e-06
user_24536,1,4.0,0.0
user_5484,1,3.0,0.0
user_20668,1,7.0,0.0
user_1673,5,5.0,0.0009632129961232619
user_28535,2,4.0,0.007657965857609196
user_2985,1,6.0,0.0
user_30180,1,3.0,0.0
user_31602,2,4.0,0.012318716028300668
user_5160,2,5.0,0.0
user_27618,1,5.0,0.0
user_21246,1,3.0,0.0
user_16968,1,2.0,0.0
user_28405,6,5.0,8.506651676972081e-05
user_9644,1,7.0,0.0
user_3330,7,9.0,1.7228546474771056e-05
user_12249,2,7.0,0.0
user_12391,1,6.0,0.0
user_27852,1,2.0,0.0
user_29300,1,6.0,0.0
user_1718,7,4.0,0.016546377334823063
user_17416,1,2.0,0.0
user_29382,1,2.0,0.0
user_27541,1,3.0,0.0
user_11313,1,6.0,0.0
user_24658,1,6.0,6.29567172568859e-05
user_5704,1,2.0,0.0
user_23124,5,5.0,0.0
user_5057,1,2.0,0.0
user_13491,1,3.0,0.0
user_1730,1,2.0,0.0
user_33110,1,2.0,0.0
user_30921,2,6.0,0.0
user_9955,1,2.0,0.0
user_5674,0,7.0,0.004956210321263324
user_28537,1,2.0,0.0
